,qitem,Article Title,Edits,Editors,Pageviews,Bytes,References,Wikidata Properties,Interwiki Links,Inlinks from CCC,Creation Date, Article Title,generation_method,pt0,pg0,pt1,pg1,pt2,pg2,pt3,pg3,page_id
0,Q230156,Simona_Halep,1217,163,916.0,66784,87,50,54,21,20100430184821,Simona_Halep,sitelinks,Simona_Halep,sitelinks,Simona_Halep,sitelinks,Simona_Halep,sitelinks,Simona_Halep,sitelinks,661820
1,Q12349,Inna,601,110,383.0,122481,354,61,49,50,20090621074955,Inna,sitelinks,Inna,sitelinks,Inna,sitelinks,Inna,sitelinks,Inna,sitelinks,472361
2,Q2880955,Elena_Liliana_Popescu,534,30,6.0,23505,15,12,2,2,20060122153058,Elena_Liliana_Popescu,label,Elena_Liliana_Popescu,sitelinks,Elena_Liliana_Popescu,label,Elena_Liliana_Popescu,label,Elena_Liliana_Popescu,sitelinks,51298
3,Q463521,Dora_d'Istria,521,27,37.0,102849,36,54,21,5,20090317134537,Dora_d'Ístria,sitelinks,Dora_d'Istria,sitelinks,Dora_d'Istria,sitelinks,Dora_d'Istria,sitelinks,Dora_d'Istria,sitelinks,447493
4,Q463774,Elena_Udrea,518,111,125.0,25477,41,19,10,27,20070420094500,Elena_Udrea,label,Elena_Udrea,sitelinks,Elena_Udrea,sitelinks,Elena_Udrea,sitelinks,Elena_Udrea,sitelinks,195304
5,Q2422027,Andreea_Bălan,490,66,255.0,46528,83,17,13,56,20071220135251,Andreea_Bălan,sitelinks,Andreea_Bălan,sitelinks,Andreea_Bălan,sitelinks,Andreea_Bălan,sitelinks,Andreea_Bălan,translation,294512
6,Q9368300,Viorica_Dăncilă,474,59,294.0,32296,72,25,41,90,20150828112632,Viorica_Dăncilă,sitelinks,Viorica_Dăncilă,sitelinks,Viorica_Dăncilă,sitelinks,Viorica_Dăncilă,sitelinks,Viorica_Dăncilă,sitelinks,1754535
7,Q12720723,Angela_Similea,456,53,344.0,22620,31,14,2,28,20061002132203,Angela_Similea,label,Angela_Similea,label,Angela_Similea,sitelinks,Angela_Similea,label,Angela_Similea,sitelinks,114731
8,Q6272233,Margareta_Pâslaru,433,57,224.0,60316,68,23,5,41,20070621214816,Margareta_Pâslaru,label,Margareta_Pâslaru,sitelinks,Margareta_Pâslaru,sitelinks,Margareta_Pâslaru,label,Margareta_Pâslaru,sitelinks,218382
9,Q237033,Ana_Blandiana,415,92,409.0,30186,59,55,27,102,20040714101855,Ana_Blandiana,sitelinks,Ana_Blandiana,sitelinks,Ana_Blandiana,sitelinks,Ana_Blandiana,sitelinks,Ana_Blandiana,sitelinks,10292
10,Q230974,Ana_Pauker,410,84,349.0,34943,38,48,26,177,20060121144449,Ana_Pauker,sitelinks,Ana_Pauker,sitelinks,Ana_Pauker,sitelinks,Ana_Pauker,sitelinks,Ana_Pauker,sitelinks,50969
11,Q2684285,Alina_Eremia,396,71,286.0,29564,43,21,11,28,20060503160932,Alina_eremia,label,Alina_Eremia,sitelinks,Alina_Eremia,sitelinks,Alina_Eremia,label,Alina_Eremia,label,83936
12,Q255725,Maria_Tănase,394,73,348.0,17809,36,42,17,77,20050804213112,Maria_Tănase,label,Maria_Tănase,sitelinks,Maria_Tănase,sitelinks,Maria_Tănase,sitelinks,Maria_Tănase,sitelinks,27669
13,Q38049,Herta_Müller,387,76,98.0,27380,85,97,97,36,20060605113955,Herta_Müller,sitelinks,Herta_Müller,sitelinks,Herta_Müller,sitelinks,Herta_Müller,sitelinks,Herta_Müller,sitelinks,90940
14,Q2512797,Antonia_Iacobescu,372,81,596.0,13277,30,27,17,18,20100517223149,Antonia_Iacobescu,sitelinks,Antonia_Iacobescu,sitelinks,Antonia_Iacobescu,sitelinks,Antonia_Iacobescu,label,Antonia_Iacobescu,sitelinks,669403
15,Q6845032,Mihaela_Runceanu,362,53,297.0,21170,16,19,3,20,20070206114943,Mihaela_Runceanu,label,Mihaela_Runceanu,label,Mihaela_Runceanu,sitelinks,Mihaela_Runceanu,label,Mihaela_Runceanu,sitelinks,171899
16,Q229162,Elena_Ceaușescu,361,87,321.0,32500,46,58,40,82,20051027125101,Elena_Ceaușescu,sitelinks,Elena_Ceaușescu,sitelinks,Elena_Ceaușescu,sitelinks,Elena_Ceaușescu,sitelinks,Elena_Ceaușescu,sitelinks,32998
17,Q6214240,Andra,357,86,784.0,22867,41,23,10,91,20080706151513,Andra,label,Andra,sitelinks,Andra_(singer),sitelinks,Andra_(chanteuse),sitelinks,Andra,sitelinks,373162
18,Q12727496,Elena_Greculesi,351,23,5.0,20983,14,10,0,7,20070310074345,L'hel·lena_Greculesi,translation,Elena_Greculesi,label,Elena_Greculesi,label,Le_hel·lena_Greculesi,translation,Elena_Greculesi,label,181769
19,Q1453,Alexandra_Stan,347,66,104.0,39867,87,53,42,23,20110223080832,Alexandra_Stan,sitelinks,Alexandra_Stan,sitelinks,Alexandra_Stan,sitelinks,Alexandra_Stan,sitelinks,Alexandra_Stan,sitelinks,842052
20,Q3080517,Loredana_Groza,338,68,220.0,40780,32,29,8,83,20050302111348,Loredana_Groza,label,Loredana_Groza,label,Loredana_Groza,sitelinks,Loredana_Groza,sitelinks,Loredana_Groza,translation,19508
21,Q3781314,Adela_Popescu,327,77,405.0,8623,21,22,4,31,20060930073818,Adela_Popescu,sitelinks,Adela_Popescu,label,Adela_Popescu,sitelinks,Adela_Popescu,label,Adela_Popescu,label,113545
22,Q1377109,Delia_Matache,323,52,796.0,24494,37,13,7,32,20130417115552,Delia_Matache,label,Delia_Matache,label,Delia_Matache,sitelinks,Delia_Matache,label,Delia_Matache,sitelinks,1135302
23,Q3712567,Doina_Ruști,321,54,14.0,24933,123,32,5,19,20060618091915,Doina_Ruști,label,Doina_Ruști,sitelinks,Doina_Ruști,sitelinks,Doina_Ruști,sitelinks,Doina_Ruști,sitelinks,93365
24,Q12727532,Eliza_Macadan,302,19,2.0,10412,41,9,0,1,20091016174050,Eliza_Macadan,label,Eliza_Macadan,label,Eliza_Macadan,label,Eliza_Macadan,label,Eliza_Macadan,label,559278
25,Q14500720,Stela_Popescu,300,77,276.0,18075,39,25,5,88,20060126111954,Stela_Popescu,label,Stela_Popescu,label,Stela_Popescu,sitelinks,Stela_Popescu,label,Stela_Popescu,translation,52205
26,Q26198088,Andra_Gogan,298,35,423.0,9006,15,11,0,1,20160726201626,Andra_Gogan,label,Andra_Gogan,label,Andra_Gogan,label,Andra_Gogan,label,Andra_Gogan,label,1945978
27,Q13426131,Corina_Chiriac,292,49,303.0,53277,20,11,3,32,20060706182544,Corina_Chiriac,label,Corina_Chiriac,label,Corina_Chiriac,sitelinks,Corina_Chiriac,label,Corina_Chiriac,sitelinks,96262
28,Q16593781,Gabriela_Firea,290,62,308.0,12991,27,20,11,55,20070711131835,Gabriela_Firea,label,Gabriela_Firea,label,Gabriela_Firea,sitelinks,Gabriela_Firea,sitelinks,Gabriela_Firea,sitelinks,223468
29,Q237439,Paula_Seling,286,64,125.0,15917,27,29,31,71,20060613141248,Paula_Seling,label,Paula_Seling,sitelinks,Paula_Seling,sitelinks,Paula_Seling,sitelinks,Paula_Seling,sitelinks,92420
30,Q455284,Mariana_Nicolesco,280,52,17.0,36434,47,23,5,8,20050521235946,Mariana_Nicolesco,sitelinks,Mariana_Nicolesco,label,Mariana_Nicolesco,sitelinks,Mariana_Nicolesco,sitelinks,Mariana_Nicolesco,sitelinks,22206
31,Q33228,Nadia_Comăneci,278,99,1143.0,13830,47,66,70,40,20041023220052,Nadia_Comăneci,sitelinks,Nadia_Comăneci,sitelinks,Nadia_Comăneci,sitelinks,Nadia_Comăneci,sitelinks,Nadia_Comăneci,sitelinks,12399
32,Q8273614,Irina_Loghin,273,56,218.0,8362,22,19,4,19,20070101122929,Irina_Loghin,label,Irina_Loghin,label,Irina_Loghin,sitelinks,Irina_Loghin,label,Irina_Loghin,sitelinks,147459
33,Q57629,Regina_Elisabeta_a_României,265,80,338.0,25893,38,94,31,31,20050907171955,Elisabet_de_Wied,sitelinks,Isabel_de_Wied,sitelinks,Elisabeth_of_Wied,sitelinks,Élisabeth_de_Wied,sitelinks,Elisabetta_di_Wied,sitelinks,29037
34,Q2220914,Mădălina_Manole,254,74,338.0,31114,73,22,11,14,20061201224859,Madalina_Manole,label,Mădălina_Manole,sitelinks,Mădălina_Manole,sitelinks,Madalina_Manole,label,Mădălina_Manole,sitelinks,131995
35,Q271266,Elena_Băsescu,254,66,57.0,11601,30,21,17,9,20071029060946,Elena_Băsescu,label,Elena_Băsescu,label,Elena_Băsescu,sitelinks,Elena_Băsescu,sitelinks,Elena_Băsescu,sitelinks,272930
36,Q5460898,Florentina_Mosora,253,26,66.0,8341,31,22,4,8,20080715160001,Florentina_Mosora,label,Florentina_Mosora,label,Florentina_Mosora,sitelinks,Florentina_Mosora,sitelinks,Florentina_Mosora,translation,375971
37,Q4726723,Alina_Mungiu-Pippidi,250,47,71.0,35943,75,21,1,26,20060701195726,Alina_Mungiu-Pippidi,label,Alina_Mungiu-Pippidi,label,Alina_Mungiu-Pippidi,sitelinks,Alina_Mungiu-Pippidi,label,Alina_Mungiu-Pippidi,translation,95519
38,Q437410,Anna_Lesko,249,53,239.0,52749,98,27,9,7,20070111190422,Anna_Lesko,sitelinks,Anna_Lesko,label,Anna_Lesko,sitelinks,Anna_Lesko,sitelinks,Anna_Lesko,label,157539
39,Q2526083,Monica_Macovei,247,63,70.0,44972,55,25,11,82,20050103005823,Monica_Macovei,label,Monica_Macovei,label,Monica_Macovei,sitelinks,Monica_Macovei,sitelinks,Monica_Luisa_Macovei,sitelinks,16027
40,Q532565,Nora_Iuga,246,39,41.0,22870,56,30,6,41,20050909164343,Nora_Iuga,label,Nora_Iuga,label,Nora_Iuga,sitelinks,Nora_Iuga,label,Nora_Iuga,translation,29159
41,Q6498808,Laura_Codruța_Kövesi,243,56,612.0,35167,70,20,14,20,20070217102948,Laura_Codruța_Kövesi,label,Laura_Codruța_Kövesi,label,Laura_Codruța_Kövesi,sitelinks,Laura_Codruța_Kövesi,sitelinks,Laura_Codruța_Kövesi,sitelinks,175259
42,Q236044,Elena_Gheorghe,243,59,218.0,45401,88,36,35,50,20090314185212,Elena_Gheorghe,sitelinks,Elena_Gheorghe,sitelinks,Elena_Gheorghe,sitelinks,Elena_Gheorghe,sitelinks,Elena_Gheorghe,sitelinks,446710
43,Q35477,Alina_Plugaru,234,60,238.0,9231,18,21,16,2,20071020193611,Alina_Plugaru,label,Alina_Plugaru,sitelinks,Alina_Plugaru,sitelinks,Alina_Plugaru,sitelinks,Alina_Plugaru,translation,268682
44,Q12734970,Mariana_Drăghicescu,233,25,62.0,14396,8,8,0,2,20080405200008,Mariana_Drăghicescu,label,Mariana_Drăghicescu,label,Mariana_Drăghicescu,label,Mariana_Drăghicescu,label,Mariana_Drăghicescu,label,343377
45,Q12736998,Oana_Zăvoranu,231,63,137.0,21187,38,8,0,7,20070624103705,Oana_Zăvoranu,label,Oana_Zăvoranu,label,Oana_Zăvoranu,label,Oana_Zăvoranu,label,Oana_Zăvoranu,label,219038
46,Q3347878,Oana_Pellea,227,53,217.0,10857,26,33,4,42,20061031185615,Oana_Pellea,label,Oana_Pellea,label,Oana_Pellea,sitelinks,Oana_Pellea,sitelinks,Oana_Pellea,translation,122182
47,Q12721209,Aura_Christi,225,35,7.0,20891,40,14,2,7,20070528101659,Aura_Christi,label,Aura_Christi,sitelinks,Aura_Christi,label,Aura_Christi,sitelinks,Aura_Christi,label,209436
48,Q7069599,Grete_Tartler,224,33,27.0,14872,27,22,0,19,20060409163157,Grete_Tartler,label,Grete_Tartler,label,Grete_Tartler,label,Grete_Tartler,label,Grete_Tartler,translation,79969
49,Q12737301,Otilia_Cazimir,220,50,116.0,16187,24,20,3,44,20050212213022,Otilia_Cazimir,label,Otilia_Cazimir,label,Otilia_Cazimir,sitelinks,Otilia_Cazimir,sitelinks,Otilia_Cazimir,sitelinks,17964
50,Q12725958,Cristina_Ciobănașu,220,38,386.0,23233,36,11,0,19,20130315183933,Cristina_Ciobănașu,label,Cristina_Ciobănașu,label,Cristina_Ciobănașu,label,Cristina_Ciobănașu,label,Cristina_Ciobănașu,label,1127230
51,Q3364146,Adriana_Nechita,212,35,15.0,11696,8,19,8,80,20070619125519,Adriana_Nechita,label,Adriana_Nechita,label,Adriana_Nechita,sitelinks,Adriana_Nechita,label,Adriana_Nechita,label,217507
52,Q11282635,Aura_Urziceanu,212,54,132.0,19196,33,18,4,26,20071001121716,Aura_Urziceanu,label,Aura_Urziceanu,label,Aura_Urziceanu,sitelinks,Aura_Urziceanu,label,Aura_Urziceanu,sitelinks,258682
53,Q3090580,Ecaterina_Andronescu,212,55,106.0,13193,30,19,10,29,20061216053900,Ecaterina_Andronescu,label,Ecaterina_Andronescu,label,Ecaterina_Andronescu,sitelinks,Ecaterina_Andronescu,sitelinks,Ecaterina_Andronescu,sitelinks,137864
54,Q2730379,Cristina_Neagu,209,37,243.0,65983,95,20,24,98,20090605215417,Cristina_Neagu,label,Cristina_Neagu,sitelinks,Cristina_Neagu,sitelinks,Cristina_Neagu,sitelinks,Cristina_Neagu,translation,466094
55,Q15071069,Maia_Sandu,206,51,166.0,25050,55,21,33,164,20130531224652,Maia_Sandu,label,Maia_Sandu,sitelinks,Maia_Sandu,sitelinks,Maia_Sandu,sitelinks,Maia_Sandu,sitelinks,1145550
56,Q1140393,Cristina_Flutur,203,22,7.0,15476,31,22,11,7,20131126173703,Cristina_Flutur,sitelinks,Cristina_Flutur,sitelinks,Cristina_Flutur,sitelinks,Cristina_Flutur,sitelinks,Cristina_Flutur,sitelinks,1213088
57,Q234035,Cleopatra_Stratan,196,70,173.0,5858,18,17,22,4,20070621112539,Cleòpatra_Stratan,translation,Cleopatra_Stratan,sitelinks,Cleopatra_Stratan,sitelinks,Cleopatra_Stratan,sitelinks,Cleopatra_Stratan,sitelinks,218204
58,Q5332155,Ecaterina_Teodoroiu,195,54,948.0,18055,35,27,16,24,20070301190848,Ecaterina_Teodoroiu,label,Ecaterina_Teodoroiu,sitelinks,Ecaterina_Teodoroiu,sitelinks,Ecaterina_Teodoroiu,sitelinks,Ecaterina_Teodoroiu,sitelinks,179511
59,Q12734452,Lora_(cântăreață),195,39,330.0,8105,16,11,3,5,20110528100449,Lora,label,Lora,label,Lora_(singer),sitelinks,Lora,label,Lora,label,868016
60,Q6271427,Laura_Stoica,193,42,176.0,45786,51,25,3,27,20060310085544,Laura_Stoica,label,Laura_Stoica,label,Laura_Stoica,sitelinks,Laura_Stoica,label,Laura_Stoica,sitelinks,69672
61,Q178077,Maia_Morgenstern,193,73,436.0,10528,38,45,21,67,20040305055347,Maia_Morgenstern,label,Maia_Morgenstern,sitelinks,Maia_Morgenstern,sitelinks,Maia_Morgenstern,sitelinks,Maia_Morgenstern,sitelinks,6504
62,Q159092,Angela_Gheorghiu,188,63,317.0,26509,72,66,31,20,20070204115349,Angela_Gheorghiu,sitelinks,Angela_Gheorghiu,sitelinks,Angela_Gheorghiu,sitelinks,Angela_Gheorghiu,sitelinks,Angela_Gheorghiu,sitelinks,171293
63,Q6095446,Iulia_Motoc,188,46,92.0,16969,26,27,3,4,20081128113752,Iulia_Motoc,label,Iulia_Motoc,label,Iulia_Motoc,sitelinks,Iulia_Motoc,label,Iulia_Antoanella_Motoc,label,415107
64,Q28589212,Irina_Rimes,187,29,407.0,36490,87,23,8,39,20161209194926,Irina_Rimes,translation,Irina_Rimes,label,Irina_Rimes,sitelinks,Irina_Rimes,label,Irina_Rimes,translation,1968775
65,Q4310431,Mihaela_Rădulescu,187,62,230.0,11301,24,13,1,57,20070816055318,Mihaela_Rădulescu,label,Mihaela_Rădulescu,label,Mihaela_Rădulescu,sitelinks,Mihaela_Rădulescu,label,Mihaela_Rădulescu,label,232161
66,Q4010195,Veronica_Micle,187,49,300.0,26490,25,34,10,30,20060823154154,Veronica_Micle,label,Veronica_Micle,sitelinks,Veronica_Micle,sitelinks,Veronica_Micle,sitelinks,Veronica_Micle,sitelinks,106600
67,Q461176,Dora_Pavel,185,15,3.0,19299,33,26,7,27,20070818092149,Dora_Pavel,label,Dora_Pavel,sitelinks,Dora_Pavel,sitelinks,Dora_Pavel,sitelinks,Dora_Pavel,translation,232845
68,Q12728386,Florica_Bagdasar,184,24,20.0,18239,12,17,5,8,20060906110539,Florica_Bagdasar,label,Florica_Bagdasar,label,Florica_Bagdasar,sitelinks,Florica_Bagdasar,sitelinks,Florica_Bagdasar,translation,109214
69,Q4755712,Andreea_Esca,183,45,302.0,7854,20,17,3,6,20070805192921,Andreea_Esca,label,Andreea_Esca,label,Andreea_Esca,sitelinks,Andreea_Esca,sitelinks,Andreea_Esca,label,229810
70,Q5043613,Carmen_Tănase,183,38,134.0,9550,8,11,3,39,20070206002814,Carmen_Tănase,label,Carmen_Tănase,label,Carmen_Tănase,sitelinks,Carmen_Tănase,label,Carmen_Tanase,label,171847
71,Q12720646,Andreea_Paul,180,33,20.0,9309,18,12,0,1,20070309171509,Andreea_Vass,label,Andreea_Vass,label,Andreea_Vass,label,Andreea_Vass,label,Andreea_Paul,translation,181630
72,Q443154,Roberta_Anastase,179,47,42.0,8524,16,21,13,58,20061231212154,Roberta_Anastase,sitelinks,Roberta_Anastase,sitelinks,Roberta_Anastase,sitelinks,Roberta_Anastase,sitelinks,Roberta_Anastase,sitelinks,146914
73,Q19294360,Nicole_Cherry,179,33,254.0,19279,45,17,4,16,20141203124730,Nicole_Cherry,label,Nicole_Cherry,label,Nicole_Cherry,sitelinks,Nicole_Cherry,label,Nicole_Cherry,label,1356285
74,Q24641234,Clotilde_Armand,178,22,44.0,25161,67,23,3,12,20160613202550,Clotilde_Armand,label,Clotilde_Armand,label,Clotilde_Armand,sitelinks,Clotilde_Armand,sitelinks,Clotilde_Armand,translation,1939575
75,Q2552851,Monica_Lovinescu,176,58,75.0,24736,53,38,14,53,20041211104227,Monica_Lovinescu,label,Monica_Lovinescu,sitelinks,Monica_Lovinescu,sitelinks,Monica_Lovinescu,sitelinks,Monica_Lovinescu,sitelinks,14509
76,Q8273403,Sofia_Vicoveanca,175,40,135.0,62584,19,18,1,24,20070315114052,Sofia_Vicoveanca,label,Sofia_Vicoveanca,label,Sofia_Vicoveanca,sitelinks,Sofia_Vicoveanca,label,Sofia_Vicoveanca,translation,183230
77,Q230242,Sorana_Cîrstea,175,57,76.0,21610,30,33,30,15,20090601182119,Sorana_Cîrstea,sitelinks,Sorana_Cîrstea,sitelinks,Sorana_Cîrstea,sitelinks,Sorana_Cîrstea,sitelinks,Sorana_Cîrstea,sitelinks,464843
78,Q2735531,Nina_Cassian,173,46,72.0,16366,48,41,11,24,20050910191708,Nina_Cassian,label,Nina_Cassian,sitelinks,Nina_Cassian,sitelinks,Nina_Cassian,sitelinks,Nina_Cassian,sitelinks,29224
79,Q2392554,Iulia_Hasdeu,170,44,142.0,6760,21,38,9,16,20070531070751,Iulia_Hasdeu,label,Iulia_Hasdeu,sitelinks,Iulia_Hasdeu,sitelinks,Iulia_Hasdeu,sitelinks,Iulia_Hasdeu,sitelinks,210439
80,Q3050729,Elena_Teodorini,170,33,11.0,8823,15,19,7,7,20070408072120,Elena_Theodorini,sitelinks,Elena_Theodorini,sitelinks,Elena_Theodorini,sitelinks,Elena_Teodorini,sitelinks,Elena_Teodorini,sitelinks,190773
81,Q14435238,Ioana_Pârvulescu,168,37,75.0,12544,42,23,8,42,20040910124647,Ioana_Pârvulescu,label,Ioana_Pârvulescu,sitelinks,Ioana_Pârvulescu,sitelinks,Ioana_Pârvulescu,sitelinks,Ioana_Pârvulescu,translation,10980
82,Q285013,Mălina_Olinescu,164,54,130.0,5829,12,19,16,34,20060727142102,Mălina_Olinescu,label,Mălina_Olinescu,sitelinks,Mălina_Olinescu,sitelinks,Mălina_Olinescu,label,Mălina_Olinescu,sitelinks,101241
83,Q24525154,Anca_Pop,162,12,34.0,26235,68,34,9,8,20160607121928,Anca_Pop,label,Anca_Pop,label,Anca_Pop,sitelinks,Anca_Pop,label,Anca_Pop,translation,1938412
84,Q838817,Laura_Pavel,162,13,4.0,18234,23,20,6,8,20070818223830,Laura_Pavel,label,Laura_Pavel,label,Laura_Pavel,sitelinks,Laura_Pavel,sitelinks,Laura_Pavel,sitelinks,232991
85,Q12742045,Teo_Trandafir,161,43,186.0,15235,31,14,0,27,20070906145337,Teo_Trandafir,label,Teo_Trandafir,label,Teo_Trandafir,label,Teo_Trandafir,label,Teo_Trandafir,label,240793
86,Q12730300,Ileana_Sărăroiu,158,28,86.0,4056,4,15,2,12,20070315085247,Ileana_Sararoiu,label,Ileana_Sararoiu,label,Ileana_Sărăroiu,sitelinks,Ileana_Sararoiu,label,Ileana_Sărăroiu,sitelinks,183194
87,Q20821329,Aliona_Grati,156,17,1.0,12834,18,15,0,2,20130315113901,Aliona_Grati,translation,Aliona_Grati,label,Aliona_Grati,label,Aliona_Grati,label,Aliona_Grati,translation,1701304
88,Q13412172,Tamara_Buciuceanu,156,41,223.0,8163,23,34,9,32,20070621095421,Tamara_Buciuceanu,label,Tamara_Buciuceanu,label,Tamara_Buciuceanu,sitelinks,Tamara_Buciuceanu,label,Tamara_Buciuceanu,translation,218185
89,Q3664254,Celia,156,40,37.0,37593,65,10,5,5,20080319170648,Celia,label,Celia,label,Celia,label,Celia_(chanteuse_roumaine),sitelinks,Celia_(cantante),sitelinks,337316
90,Q12732138,Lia_Olguța_Vasilescu,154,41,99.0,9566,15,14,7,13,20061231153308,Lia_Olguța_Vasilescu,label,Lia_Olguța_Vasilescu,label,Lia_Olguța_Vasilescu,sitelinks,Lia_Olguța_Vasilescu,sitelinks,Lia_Olguța_Vasilescu,sitelinks,146842
91,Q460839,Doina_Cornea,154,46,102.0,11746,43,41,9,24,20051007133331,Doina_Cornea,label,Doina_Cornea,label,Doina_Cornea,sitelinks,Doina_Cornea,sitelinks,Doina_Cornea,label,31492
92,Q16593623,Ioana_Radu,152,31,123.0,12566,23,20,2,29,20060506151934,Ioana_Radu,label,Ioana_Radu,label,Ioana_Radu,label,Ioana_Radu,label,Ioana_Radu,sitelinks,84605
93,Q3154117,Ionica_Munteanu,152,16,3.0,47446,51,16,7,81,20090608114648,Ionica_Munteanu,label,Ionica_Munteanu,label,Ionica_Munteanu,sitelinks,Ionica_Munteanu,sitelinks,Ionica_Munteanu,translation,466973
94,Q237112,Linda_Maria_Baros,150,39,4.0,32315,89,30,30,2,20060805183022,Linda_Maria_Baros,sitelinks,Linda_Maria_Baros,sitelinks,Linda_Maria_Baros,sitelinks,Linda_Maria_Baros,sitelinks,Linda_Maria_Baros,sitelinks,102391
95,Q12720574,Ana_Birchall,149,35,191.0,11972,24,15,6,39,20080923090929,Ana_Birchall,label,Ana_Birchall,label,Ana_Birchall,label,Ana_Birchall,sitelinks,Ana_Birchall,sitelinks,397477
96,Q11703352,Ruby_(cântăreață),146,28,276.0,11130,15,11,1,9,20121221213509,Ruby,label,Ruby_(cantante),sitelinks,Ruby,label,Ruby,label,Ruby_(cantante),translation,1106430
97,Q254558,Luminița_Anghel,143,43,48.0,6289,12,18,20,37,20060727140911,Luminiţa_Anghel,sitelinks,Luminița_Anghel,sitelinks,Luminița_Anghel,sitelinks,Luminița_Anghel,sitelinks,Luminița_Anghel,sitelinks,101234
98,Q3693558,Corina,142,40,72.0,9882,22,18,3,13,20080815150215,Corina_Monica_Ciorbă,label,Corina,label,Corina_(Romanian_singer),sitelinks,Corina_Monica_Ciorbă,label,Corina_Monica_Ciorbă,sitelinks,385058
99,Q16593515,Sore_Mihalache,141,37,145.0,8474,24,12,2,22,20111124195718,Sore_Mihalache,label,Sore_Mihalache,label,Sore_Mihalache,label,Sore_Mihalache,label,Sore_(cantante),sitelinks,1224016
100,Q235595,"Ileana,_Principesă_a_României",141,45,185.0,29465,37,42,19,17,20060604190453,Ileana_de_Roumanie,label,Elena_de_Rumanía,sitelinks,Princess_Ileana_of_Romania,sitelinks,Ileana_de_Roumanie,sitelinks,Ileana_di_Romania,sitelinks,90852
101,Q2423576,"Elena,_Principesă_a_României",139,46,189.0,8637,15,20,17,14,20060804134843,Princesa_Elena_de_Roumanie,label,Elena_de_Rumanía_(1950),sitelinks,Princess_Elena_of_Romania,sitelinks,Elena_de_Roumanie,sitelinks,Elena_di_Romania_(1950),sitelinks,102232
102,Q229710,Iolanda_Balaș,139,51,65.0,10179,26,35,32,9,20060325095325,Iolanda_Balaş,sitelinks,Iolanda_Balas,sitelinks,Iolanda_Balaș,sitelinks,Iolanda_Balaș,sitelinks,Iolanda_Balaș,sitelinks,77139
103,Q12411256,Rozina_Cambos,137,12,4.0,11062,16,30,2,2,20140406000114,Rosina_Kambus,label,Rosina_Kambus,label,Rosina_Kambus,label,Rosina_Kambus,label,Rozina_Cambos,translation,1248616
104,Q468705,Liana_Alexandra,135,27,21.0,17793,40,33,8,5,20070808195732,Liana_Alexandra,sitelinks,Liana_Alexandra,label,Liana_Alexandra,sitelinks,Liana_Alexandra,sitelinks,Liana_Alexandra,translation,230507
105,Q239751,Irina-Camelia_Begu,135,38,23.0,23286,19,31,28,14,20101127180403,Irina-Camelia_Begu,sitelinks,Irina-Camelia_Begu,sitelinks,Irina-Camelia_Begu,sitelinks,Irina-Camelia_Begu,sitelinks,Irina-Camelia_Begu,sitelinks,811856
106,Q12734887,Maria_Buză,135,25,122.0,7393,11,6,0,7,20090104165947,Maria_Buză,label,Maria_Buză,label,Maria_Buză,label,Maria_Buză,label,Maria_Buză,label,970287
107,Q230346,Monica_Niculescu,133,35,16.0,29820,17,35,30,14,20090513175708,Monica_Niculescu,sitelinks,Monica_Niculescu,sitelinks,Monica_Niculescu,sitelinks,Monica_Niculescu,sitelinks,Monica_Niculescu,sitelinks,459656
108,Q12726998,Draga_Olteanu-Matei,133,34,276.0,10637,20,20,4,64,20070518140029,Draga_Olteanu-Matei,label,Draga_Olteanu-Matei,label,Draga_Olteanu_Matei,sitelinks,Draga_Olteanu-Matei,sitelinks,Draga_Olteanu-Matei,translation,206655
109,Q232671,Cătălina_Ponor,132,59,89.0,7252,8,23,23,16,20040823071338,Cătălina_Ponor,sitelinks,Cătălina_Ponor,sitelinks,Cătălina_Ponor,sitelinks,Cătălina_Ponor,sitelinks,Cătălina_Ponor,sitelinks,10793
110,Q270262,Ana_Aslan,132,47,303.0,10048,30,35,28,12,20060816194802,Ana_Aslan,sitelinks,Ana_Aslan,sitelinks,Ana_Aslan,sitelinks,Ana_Aslan,sitelinks,Ana_Aslan,sitelinks,105386
111,Q12735358,Mia_Braia,130,23,64.0,5398,11,17,2,16,20070510174030,Mia_Braia,label,Mia_Braia,label,Mia_Braia,label,Mia_Braia,label,Mia_Braia,sitelinks,203662
112,Q16593511,Olimpia_Melinte,128,25,78.0,10341,62,23,2,14,20110716044801,Olimpia_Melinte,label,Olimpia_Melinte,sitelinks,Olimpia_Melinte,label,Olimpia_Melinte,label,Olimpia_Melinte,label,882105
113,Q3961169,Simona_Popescu,128,36,50.0,10501,10,20,1,40,20050830123421,Simona_Popescu,label,Simona_Popescu,label,Simona_Popescu,label,Simona_Popescu,label,Simona_Popescu,sitelinks,28445
114,Q589585,Gabriela_Adameșteanu,128,51,37.0,9247,29,30,17,48,20040914081801,Gabriela_Adameșteanu,sitelinks,Gabriela_Adameșteanu,sitelinks,Gabriela_Adameșteanu,sitelinks,Gabriela_Adameșteanu,sitelinks,Gabriela_Adameșteanu,sitelinks,11037
115,Q3860822,Monica_Bîrlădeanu,127,40,101.0,5579,21,28,5,11,20060622172354,Monica_Bîrlădeanu,label,Monica_Bîrlădeanu,label,Monica_Bîrlădeanu,sitelinks,Monica_Bîrlădeanu,label,Monica_Bîrlădeanu,sitelinks,93965
116,Q13426338,Dana_Rogoz,127,48,248.0,4126,17,16,0,13,20060215162848,Dana_Rogoz,label,Dana_Rogoz,label,Dana_Rogoz,label,Dana_Rogoz,label,Dana_Rogoz,label,61469
117,Q12729322,Gina_Patrichi,126,30,158.0,11932,10,18,0,37,20071202005914,0,0,Gina_Patrichi,label,Gina_Patrichi,label,Gina_Patrichi,label,0,0,287295
118,Q12744067,Zoe_Dumitrescu_Bușulenga,126,46,163.0,14214,23,30,3,15,20040727063552,Zoe_Dumitrescu_Buşulenga,sitelinks,Zoe_Dumitrescu_Bușulenga,label,Zoe_Dumitrescu-Bușulenga,sitelinks,Zoe_Dumitrescu-Bușulenga,label,Zoe_Dumitrescu_Bușulenga,translation,10561
119,Q3295106,Marta_Petreu,124,43,32.0,15387,27,23,2,47,20051001193930,Marta_Petreu,label,Marta_Petreu,label,Marta_Petreu,sitelinks,Marta_Petreu,sitelinks,Marta_Petreu,label,30932
120,Q4076868,Ellie_White,124,32,47.0,23592,39,13,5,5,20080402042624,Ellie_White,label,Ellie_White,label,0,0,Ellie_White,label,Ellie_White,sitelinks,342100
121,Q12737088,Ofelia_Prodan,123,20,5.0,11709,51,10,0,2,20101004070723,Ofelia_Prodan,label,Ofelia_Prodan,label,Ofelia_Prodan,label,Ofelia_Prodan,label,Ofelia_Prodan,label,794767
122,Q2636312,Maria_Bieșu,122,47,270.0,25124,30,37,12,11,20070426111559,Maria_Bieșo,translation,Maria_Bieșu,label,Maria_Bieșu,sitelinks,Maria_Bieșu,sitelinks,Maria_Bieșo,translation,197617
123,Q1128407,Lavinia_Șandru,122,37,35.0,5575,11,11,2,5,20061216130641,Lavinia_Șandru,label,Lavinia_Șandru,label,Lavinia_Șandru,sitelinks,Lavinia_Șandru,label,Lavinia_Șandru,label,140724
124,Q263629,Maria_Cebotari,122,47,92.0,6885,30,56,18,9,20040526182733,Maria_Cebotari,sitelinks,Maria_Cebotari,sitelinks,Maria_Cebotari,sitelinks,Maria_Cebotari,sitelinks,Maria_Cebotari,sitelinks,9031
125,Q1210396,Dida_Drăgan,122,37,145.0,11111,51,41,6,63,20060727142021,Dida_Drăgan,label,Dida_Drăgan,label,Dida_Drăgan,sitelinks,Dida_Drăgan,label,Dida_Drăgan,sitelinks,101237
126,Q18548823,Cristina_Țopescu,121,31,97.0,7248,14,14,3,5,20110523221625,Cristina_Țopescu,label,Cristina_Țopescu,label,0,0,Cristina_Țopescu,label,Cristina_Țopescu,label,866899
127,Q238656,Larisa_Iordache,121,25,77.0,34080,17,22,18,6,20120513040851,Larisa_Iordache,sitelinks,Larisa_Iordache,sitelinks,Larisa_Iordache,sitelinks,Larisa_Iordache,sitelinks,Larisa_Iordache,sitelinks,976899
128,Q2335748,Leonida_Lari,121,35,40.0,8216,13,25,8,11,20060322150130,Leonida_Lari,label,Leonida_Lari,label,Leonida_Lari,sitelinks,Leonida_Lari,sitelinks,Leonida_Lari,translation,76606
129,Q274770,Corina_Crețu,120,34,31.0,5426,19,27,19,13,20060914213153,Corina_Crețu,sitelinks,Corina_Crețu,sitelinks,Corina_Crețu,sitelinks,Corina_Crețu,sitelinks,Corina_Crețu,sitelinks,110618
130,Q235035,Sandra_Izbașa,119,45,113.0,9532,9,19,24,13,20080405143755,Sandra_Izbașa,sitelinks,Sandra_Izbașa,sitelinks,Sandra_Izbașa,sitelinks,Sandra_Izbașa,sitelinks,Sandra_Izbașa,sitelinks,343267
131,Q18549284,Ileana_Vulpescu,117,21,137.0,21671,61,16,0,5,20080423084949,Ileana_Vulpescu,label,Ileana_Vulpescu,label,Ileana_Vulpescu,label,Ileana_Vulpescu,label,Ileana_Vulpescu,translation,348112
132,Q2900820,Maria_Ciobanu,117,45,193.0,8225,27,14,4,19,20070208152215,Maria_Ciobanu,label,Maria_Ciobanu,label,Maria_Ciobanu,sitelinks,Maria_Ciobanu,sitelinks,Maria_Ciobanu,sitelinks,172682
133,Q28055976,Silvia_Șerbescu,117,5,1.0,11624,10,15,2,3,20161004200829,Silvia_Șerbescu,label,Silvia_Șerbescu,label,Silvia_Șerbescu,sitelinks,Silvia_Șerbescu,label,Silvia_Șerbescu,translation,1956934
134,Q15718586,Maria_Grapini,117,28,48.0,11329,27,18,6,8,20130520034830,Maria_Grapini,label,Maria_Grapini,label,Maria_Grapini,sitelinks,Maria_Grapini,sitelinks,Maria_Grapini,sitelinks,1142466
135,Q2978430,Claudia_Pavel,116,28,42.0,10061,9,20,4,11,20080601061101,Claudia_Pavel,label,Claudia_Pavel,label,Claudia_Pavel,sitelinks,Claudia_Pavel,sitelinks,Claudia_Pavel,translation,360513
136,Q12736151,Mădălina_Ghițescu,116,33,16.0,5804,6,13,0,18,20070912135319,0,0,Mădălina_Ghițescu,label,Mădălina_Ghițescu,label,0,0,0,0,245264
137,Q579461,Hariclea_Darclée,116,49,84.0,17232,32,33,11,17,20050412152817,Hariclea_Darclée,sitelinks,Hariclea_Darclée,sitelinks,Hariclea_Darclée,sitelinks,Haricléa_Darclée,sitelinks,Hariclea_Darclée,sitelinks,20700
138,Q12720624,Anda_Călugăreanu,115,41,240.0,5973,10,14,1,30,20060827095707,Anda_Călugăreanu,label,Anda_Călugăreanu,label,Anda_Călugăreanu,label,Anda_Călugăreanu,label,Anda_Călugăreanu,label,107122
139,Q3315789,Mirabela_Dauer,115,31,315.0,14211,26,15,4,16,20060930120645,Mirabela_Dauer,label,Mirabela_Dauer,label,Mirabela_Dauer,sitelinks,Mirabela_Dauer,sitelinks,Mirabela_Dauer,sitelinks,113571
140,Q274775,Monica_Iacob-Ridzi,114,32,19.0,21391,28,18,7,3,20070102193500,Monica_Iacob_Ridzi,label,Monica_Iacob_Ridzi,label,Monica_Iacob_Ridzi,sitelinks,Monica_Iacob_Ridzi,sitelinks,Monica_Iacob-Ridzi,sitelinks,147939
141,Q11285331,Andreea_Antonescu,114,30,116.0,13562,23,11,1,9,20080531102927,Andreea_Antonescu,label,Andreea_Antonescu,label,Andreea_Antonescu,label,Andreea_Antonescu,label,Andreea_Antonescu,label,360231
142,Q764707,Andreea_Bănică,114,43,132.0,9667,19,23,12,27,20081018125716,Andreea_Banica,label,Andreea_Bănică,sitelinks,Andreea_Bănică,sitelinks,Andreea_Banica,sitelinks,Andreea_Bănică,sitelinks,404163
143,Q466260,Romica_Puceanu,113,31,100.0,9264,16,23,6,14,20070315112234,Romica_Puceanu,label,Romica_Puceanu,label,Romica_Puceanu,sitelinks,Romica_Puceanu,sitelinks,Romica_Puceanu,sitelinks,183226
144,Q7145883,Patricia_Vizitiu,113,23,8.0,38444,83,18,7,85,20090605174800,Patricia_Vizitiu,label,Patricia_Vizitiu,label,Patricia_Vizitiu,sitelinks,Patricia_Vizitiu,label,Patricia_Vizitiu,translation,466007
145,Q3093517,Gabi_Luncă,113,33,96.0,11027,19,18,3,17,20061221210901,Gabi_Lunca,label,Gabi_Luncă,label,Gabi_Luncă,sitelinks,Gabi_Luncă,sitelinks,Gabi_Luncă,sitelinks,142421
146,Q7051233,Norica_Nicolai,111,33,50.0,13985,15,16,6,14,20070101121922,Norica_Nicolai,label,Norica_Nicolai,label,Norica_Nicolai,sitelinks,Norica_Nicolai,sitelinks,Norica_Nicolai,translation,147337
147,Q187951,Ana_Maria_Brânză,111,28,59.0,49889,68,30,19,19,20080813125308,Ana_Maria_Popescu,label,Ana_Maria_Popescu,sitelinks,Ana_Maria_Popescu,sitelinks,Ana_Maria_Popescu,sitelinks,Ana_Maria_Brânză,sitelinks,384566
148,Q231979,Gabriela_Szabó,111,54,150.0,9442,25,30,30,11,20060706181550,Gabriela_Szabó,label,Gabriela_Szabo,sitelinks,Gabriela_Szabo,sitelinks,Gabriela_Szabó,sitelinks,Gabriela_Szabó,sitelinks,96261
149,Q3064927,Ramona_Mănescu,111,41,38.0,14741,30,22,10,102,20071129085304,Ramona_Mănescu,label,Ramona_Mănescu,label,Ramona_Mănescu,sitelinks,Ramona_Mănescu,sitelinks,Ramona_Mănescu,sitelinks,286260
150,Q12726892,Doina_Aldea-Teodorovici,110,38,95.0,11959,19,27,6,6,20070929100659,Doina_Aldea-Teodorovici,label,Doina_Aldea-Teodorovici,label,Doina_Aldea-Teodorovici,label,Doina_Aldea-Teodorovici,label,Doina_Aldea-Teodorovici,label,258255
151,Q6873144,Mirela_Roznoveanu,110,30,5.0,8808,18,14,1,4,20051219210237,Mirela_Roznoveanu,label,Mirela_Roznoveanu,label,Mirela_Roznoveanu,sitelinks,Mirela_Roznoveanu,label,Mirela_Roznoveanu,translation,38124
152,Q12743322,Veronica_D._Niculescu,109,22,15.0,12798,22,7,1,3,20091224164548,Veronica_D._Niculescu,label,Veronica_D._Niculescu,label,Veronica_Dijmărescu-Niculescu,label,Veronica_D._Niculescu,label,Veronica_D._Niculescu,label,583456
153,Q67200816,Oana_Ionescu,109,5,16.0,38726,46,6,0,10,20190906234202,0,0,Oana_Ionescu,label,Oana_Ionescu,label,0,0,0,0,2436035
154,Q232735,Regina_Elisabeta_a_Greciei,108,46,112.0,30296,19,31,22,17,20061025201531,Elisabet_de_Romania,sitelinks,Isabel_de_Rumania,sitelinks,Elisabeth_of_Romania,sitelinks,Élisabeth_de_Roumanie_(1894-1956),sitelinks,Elisabetta_di_Romania,sitelinks,120480
155,Q1251971,Ruxandra_Cesereanu,108,39,15.0,10453,29,25,4,13,20050901030041,Ruxandra_Cesereanu,label,Ruxandra_Cesereanu,label,Ruxandra_Cesereanu,sitelinks,Ruxandra_Cesereanu,sitelinks,Ruxandra_Cesereanu,translation,28557
156,Q242164,Camelia_Potec,108,32,78.0,8782,12,23,16,5,20060907090443,Camelia_Potec,label,Camelia_Potec,sitelinks,Camelia_Potec,sitelinks,Camelia_Potec,sitelinks,Camelia_Potec,sitelinks,109407
157,Q440689,Renate_Weber,107,35,670.0,11603,27,22,8,13,20070523054111,Renate_Weber,sitelinks,Renate_Weber,label,Renate_Weber,sitelinks,Renate_Weber,sitelinks,Renate_Weber,sitelinks,207727
158,Q4733594,Alma_Redlinger,107,13,4.0,18656,15,20,2,3,20090528211139,Alma_Redlinger,label,Alma_Redlinger,label,Alma_Redlinger,sitelinks,Alma_Redlinger,label,Anima_Redlinger,translation,463808
159,Q12727528,Elisabeta_Isanos,105,10,16.0,23818,7,12,0,2,20091208054533,Elisabeta_Isanos,label,Elisabeta_Isanos,label,Elisabeta_Isanos,label,Elisabeta_Isanos,label,Elisabeta_Isanos,label,577070
160,Q12727494,Elena_Farago,105,35,105.0,6738,19,24,1,16,20061030174104,Elena_Farago,label,Elena_Farago,label,Elena_Farago,sitelinks,Elena_Farago,label,Elena_Farago,label,121910
161,Q2806299,Mădălina_Ghenea,105,41,170.0,6394,14,27,10,1,20110623105639,Madalina_Ghenea,label,Madalina_Diana_Ghenea,sitelinks,Mădălina_Diana_Ghenea,sitelinks,Mădălina_Ghenea,sitelinks,Mădălina_Diana_Ghenea,sitelinks,875587
162,Q12730335,Ilinca_Goia,104,28,36.0,7018,16,19,0,21,20070629125946,Ilinca_Goia,label,Ilinca_Goia,label,Ilinca_Goia,label,Ilinca_Goia,label,Ilinca_Goia,label,220677
163,Q957670,Irina_Petrescu,103,35,218.0,10349,28,39,10,55,20070608190041,Irina_Petrescu,label,Irina_Petrescu,label,Irina_Petrescu,sitelinks,Irina_Petrescu,sitelinks,Irina_Petrescu,translation,213549
164,Q125826,Alina_Alexandra_Dumitru,103,38,23.0,6372,15,22,25,2,20080809114457,Alina_Dumitru,sitelinks,Alina_Dumitru,sitelinks,Alina_Dumitru,sitelinks,Alina_Alexandra_Dumitru,sitelinks,Alina_Alexandra_Dumitru,sitelinks,383273
165,Q3177326,Marga_Barbu,102,27,181.0,7328,22,20,2,39,20080303102008,Marga_Barbu,label,Marga_Barbu,label,Marga_Barbu,sitelinks,Marga_Barbu,label,Marga_Barbu,translation,324751
166,Q1155301,Rodica_Ojog-Brașoveanu,102,30,146.0,9303,19,18,1,4,20060601094215,Rodica_Ojog-Brașoveanu,label,Rodica_Ojog-Brașoveanu,label,Rodica_Ojog-Brașoveanu,label,Rodica_Ojog-Brașoveanu,sitelinks,Rodica_Ojog-Brașoveanu,translation,90078
167,Q4039454,Giulia_Anghelescu,102,29,52.0,6755,24,22,6,15,20080525125530,Giulia_Anghelescu,label,Giulia_Anghelescu,label,Giulia_Anghelescu,sitelinks,Giulia_Anghelescu,label,Giulia_Anghelescu,translation,358020
168,Q468191,Olga_Bancic,101,33,21.0,9631,17,24,8,4,20060926160425,Olga_Bancic,label,Olga_Bancic,label,Olga_Bancic,sitelinks,Olga_Bancic,sitelinks,Olga_Bancic,sitelinks,112956
169,Q465892,Andreea_Răducan,101,46,138.0,13157,18,27,16,15,20060906114013,Andreea_Răducan,label,Andreea_Răducan,sitelinks,Andreea_Răducan,sitelinks,Andreea_Răducan,sitelinks,Andreea_Răducan,sitelinks,109219
170,Q16593456,Jojo,101,27,150.0,10104,18,10,0,18,20090908023144,Jojo,label,Jojo,label,Jojo,label,Jojo,label,Jojo,translation,536287
171,Q2846046,Anda_Adam,101,39,317.0,3136,8,19,5,21,20100614133139,Anda_Adam,label,Anda_Adam,sitelinks,Anda_Adam,sitelinks,Anda_Adam,sitelinks,Cammina_Adam,translation,713851
172,Q12735874,Monica_Gabor,100,28,190.0,2279,11,11,0,3,20110104095057,Monica_Gabor,translation,Monica_Gabor,label,Monica_Gabor,label,Monica_Gabor,translation,Monica_Gabor,label,823363
173,Q12743321,Veronica_Balaj,100,18,16.0,11568,12,7,0,2,20091020151723,Veronica_Balaj,translation,Veronica_Balaj,label,0,0,Veronica_Balaj,translation,Veronica_Balaj,translation,560648
174,Q27972219,Victoria_Milescu,99,6,3.0,45050,8,10,0,1,20161007135946,La_victòria_Milescu,translation,Victoria_Milescu,label,0,0,La_victoire_Milescu,translation,La_vittoria_Milescu,translation,1957383
175,Q12723758,Cella_Delavrancea,99,40,122.0,6472,17,28,4,25,20070629075942,Cella_Delavrancea,label,Cella_Delavrancea,label,Cella_Delavrancea,sitelinks,Cella_Delavrancea,label,Cella_Delavrancea,sitelinks,220596
176,Q12734968,Mariana_Buruiană,99,21,56.0,8950,9,11,0,17,20070329060340,Mariana_Buruiană,label,Mariana_Buruiană,label,Mariana_Buruiană,label,Mariana_Buruiană,label,Mariana_Buruiană,label,187484
177,Q459587,Dina_Cocea_(actriță_din_România),99,36,62.0,9855,20,30,6,7,20070607131856,Dina_Cocea,label,Dina_Cocea,sitelinks,Dina_Cocea,sitelinks,Dina_Cocea,label,Dina_Cocea,sitelinks,213191
178,Q4116977,Leopoldina_Bălănuță,99,42,129.0,12991,11,20,3,34,20060921035447,Leopoldina_Bălănuță,label,Leopoldina_Bălănuță,label,Leopoldina_Bălănuță,sitelinks,Leopoldina_Bălănuță,label,Leopoldina_Bălănuță,translation,111460
179,Q231048,Natalia_Barbu,98,42,37.0,6830,25,32,30,20,20061217010446,Natalia_Barbu,sitelinks,Natalia_Barbu,sitelinks,Natalia_Barbu,sitelinks,Natalia_Barbu,sitelinks,Natalia_Barbu,sitelinks,141135
180,Q263605,Georgeta_Damian,98,36,13.0,5155,17,22,17,7,20070704115927,Georgeta_Damian,sitelinks,Georgeta_Damian,sitelinks,Georgeta_Damian,sitelinks,Georgeta_Damian,sitelinks,Georgeta_Damian,sitelinks,221903
181,Q292036,Anca_Parghel,97,50,46.0,13393,24,30,9,12,20071023165141,Anca_Parghel,label,Anca_Parghel,label,Anca_Parghel,sitelinks,Anca_Parghel,sitelinks,Anca_Parghel,sitelinks,269950
182,Q4992326,Carmen_Amariei,96,16,10.0,29373,31,18,6,64,20090609205225,Carmen_Amariei,label,Carmen_Amariei,label,Carmen_Amariei,sitelinks,Carmen_Amariei,sitelinks,Carmen_Amariei,translation,467480
183,Q6845020,Mihaela_Miroiu,96,30,28.0,53098,38,12,1,4,20061023055249,Mihaela_Miroiu,label,Mihaela_Miroiu,label,Mihaela_Miroiu,sitelinks,Mihaela_Miroiu,label,Mihaela_Miroiu,translation,119743
184,Q719016,Mona_Muscă,96,38,44.0,10556,15,12,4,39,20050728142707,Mona_Muscă,label,Mona_Muscă,label,Mona_Muscă,sitelinks,Mona_Muscă,sitelinks,Mona_Mosca,translation,27467
185,Q593138,Dalma_Kovács,95,22,18.0,30320,57,16,6,35,20090130173640,Dalma_Kovács,label,Dalma_Kovács,sitelinks,Dalma_Kovács,sitelinks,Dalma_Kovács,label,Dalma_Kovács,label,432979
186,Q2904822,Maria_Banuș,95,35,24.0,14573,11,36,6,23,20051128182118,Maria_Banuș,label,Maria_Banuș,sitelinks,Maria_Banuș,sitelinks,Maria_Banuș,sitelinks,Maria_Banuș,translation,35623
187,Q7030251,Nicoleta_Luciu,94,36,69.0,4255,8,8,1,36,20080311141825,Nicoleta_Luciu,label,Nicoleta_Luciu,label,Nicoleta_Luciu,sitelinks,Nicoleta_Luciu,label,Nicoleta_Luciu,label,328552
188,Q12737700,Pașa_Hassan,93,26,44.0,1772,0,5,0,5,20060218013301,Pașa_Hassan,label,Pașa_Hassan,label,Pașa_Hassan,label,Pașa_Hassan,label,Pașa_Hassan,label,62049
189,Q3838484,Lucia_Sturdza-Bulandra,93,34,54.0,5769,11,20,5,16,20060919004416,Lucia_Sturdza-Bulandra,label,Lucia_Sturdza-Bulandra,label,Lucia_Sturdza-Bulandra,label,Lucia_Sturdza-Bulandra,label,Lucia_Sturdza-Bulandra,sitelinks,111178
190,Q18538318,Geta_Brătescu,93,16,19.0,14574,30,37,3,3,20090803113929,Geta_Brătescu,label,Geta_Brătescu,label,Geta_Brătescu,sitelinks,Geta_Brătescu,sitelinks,Geta_Brătescu,label,486096
191,Q218415,Zoia_Ceaușescu,93,44,295.0,6362,51,37,17,9,20061121105746,Zoia_Ceaușescu,sitelinks,Zoia_Ceaușescu,sitelinks,Zoia_Ceaușescu,sitelinks,Zoia_Ceaușescu,sitelinks,Zoia_Ceaușescu,sitelinks,128036
192,Q460969,Anca_Boagiu,93,37,22.0,9474,6,14,8,31,20060119142402,Anca_Boagiu,sitelinks,Anca_Boagiu,label,Anca_Boagiu,sitelinks,Anca_Boagiu,sitelinks,Anca_Boagiu,sitelinks,50088
193,Q534656,Alice_Voinescu,92,26,14.0,15216,21,30,5,8,20090401101547,Alice_Voinescu,label,Alice_Voinescu,label,Alice_Voinescu,sitelinks,Alice_Voinescu,sitelinks,Alice_Voinescu,sitelinks,450623
194,Q2057272,Catrinel_Menghia,92,21,142.0,10941,28,17,7,2,20110426154443,Catrinel_Menghia,label,Catrinel_Menghia,sitelinks,Catrinel_Menghia,label,Catrinel_Menghia,sitelinks,Catrinel_Menghia,sitelinks,859360
195,Q238617,Sandra_Romain,91,45,189.0,4028,22,31,25,1,20071029135300,Sandra_Romain,sitelinks,Sandra_Romain,sitelinks,Sandra_Romain,label,Sandra_Romain,sitelinks,Sandra_Romain,sitelinks,273019
196,Q3364137,Paula_Ungureanu,91,20,8.0,11342,4,19,11,87,20091221100209,Paula_Ungureanu,label,Paula_Ungureanu,label,Paula_Ungureanu,sitelinks,Paula_Ungureanu,sitelinks,Paula_Ungureanu,label,582179
197,Q4726709,Alina_Gorghiu,91,26,115.0,5872,10,18,8,28,20081029124032,Alina_Gorghiu,label,Alina_Gorghiu,label,Alina_Gorghiu,sitelinks,Alina_Gorghiu,sitelinks,Alina_Gorghiu,sitelinks,416992
198,Q12723755,Cella_Serghi,91,28,72.0,13091,33,20,1,4,20070103062444,Cella_Serghi,label,Cella_Serghi,label,Cella_Serghi,sitelinks,Cella_Serghi,label,Cella_Serghi,label,148026
199,Q12727507,Elena_Vlădăreanu,90,26,6.0,9917,31,12,0,11,20051128082353,Elena_Vlădăreanu,label,Elena_Vlădăreanu,label,Elena_Vlădăreanu,label,Elena_Vlădăreanu,label,L'helena_Vlădăreanu,translation,35566
200,Q274779,Daciana_Sârbu,90,37,49.0,14558,42,21,9,7,20061216071720,Daciana_Sârbu,label,Daciana_Sârbu,label,Daciana_Sârbu,sitelinks,Daciana_Sârbu,sitelinks,Daciana_Sârbu,sitelinks,137915
201,Q237283,Daniela_Silivaș,90,41,77.0,13128,16,23,23,18,20060923170218,Daniela_Silivaş,sitelinks,Daniela_Silivaș,sitelinks,Daniela_Silivaș,sitelinks,Daniela_Silivaș,sitelinks,Daniela_Silivaș,sitelinks,111887
202,Q2439034,Mihaela_Buzărnescu,89,20,25.0,25609,15,27,20,11,20100806191428,Mihaela_Buzărnescu,sitelinks,Mihaela_Buzărnescu,sitelinks,Mihaela_Buzărnescu,sitelinks,Mihaela_Buzărnescu,sitelinks,Mihaela_Buzărnescu,sitelinks,767393
203,Q5906714,Hortensia_Papadat-Bengescu,89,34,126.0,11056,27,36,5,37,20040714083126,Hortensia_Papadat-Bengescu,label,Hortensia_Papadat-Bengescu,label,Hortensia_Papadat-Bengescu,sitelinks,Hortensia_Papadat-Bengescu,sitelinks,Ortensia_Papadat-Bengescu,translation,10280
204,Q16593774,Marina_Voica,89,34,371.0,16017,29,38,0,8,20070309113223,Marina_Voica,label,Marina_Voica,label,Marina_Voica,label,Marina_Voica,label,Marina_Voica,label,181545
205,Q5358961,Elena_Alistar,88,27,29.0,7868,19,22,5,95,20070824124402,Elena_Allistar,translation,Elena_Alistar,label,Elena_Alistar,sitelinks,Elena_Alistar,sitelinks,Elena_Alistar,translation,234267
206,Q4252968,Anastasia_Lazariuc,88,33,82.0,7200,24,18,2,10,20061201234653,Anastasia_Lazariuc,label,Anastasia_Lazariuc,label,Anastasia_Lazariuc,sitelinks,Anastasia_Lazariuc,label,Anastasia_Lazariuc,translation,132007
207,Q12731356,Jeni_Acterian,88,30,69.0,7467,13,17,0,10,20060523210732,Jeni_Acterian,label,Jeni_Acterian,label,Jeni_Acterian,label,Jeni_Acterian,label,Jeni_Acterian,translation,88116
208,Q3026142,Diana_Dumitrescu,87,23,205.0,4178,8,13,1,9,20110830071358,Diana_Dumitrescu,label,Diana_Dumitrescu,label,Diana_Dumitrescu,label,Diana_Dumitrescu,sitelinks,Diana_Dumitrescu,translation,894090
209,Q434493,Elena_Lupescu,87,43,123.0,4053,24,33,11,20,20060831124225,Magda_Lupescu,label,Magda_Lupescu,label,Magda_Lupescu,sitelinks,Magda_Lupescu,sitelinks,Magda_Lupescu,sitelinks,107759
210,Q28943196,Ileana_Ciuculete,86,15,59.0,3225,9,12,0,6,20170314190154,Ileana_Ciuculete,label,Ileana_Ciuculete,label,Ileana_Ciuculete,label,Ileana_Ciuculete,label,Ileana_Ciuculete,translation,1987306
211,Q274739,Adina_Ioana_Vălean,86,29,106.0,11165,11,25,12,2,20070101114412,Adina-Ioana_Vălean,label,Adina_Vălean,label,Adina-Ioana_Vălean,sitelinks,Adina-Ioana_Vălean,sitelinks,Adina-Ioana_Vălean,sitelinks,147053
212,Q7288407,Raluca_Turcan,85,34,343.0,4767,10,14,8,17,20061231154143,Raluca_Turcan,label,Raluca_Turcan,label,Raluca_Turcan,sitelinks,Raluca_Turcan,sitelinks,Raluca_Turcan,sitelinks,146846
213,Q66362599,Diana_Cozma,85,5,519.0,15898,22,12,0,2,20190730173041,0,0,Diana_Cozma,label,Diana_Cozma,label,Diana_Cozma,label,0,0,2424424
214,Q12735779,Mitzura_Arghezi,84,28,130.0,3119,12,24,1,28,20070103183947,Mitzura_Arghezi,label,Mitzura_Arghezi,label,Mitzura_Arghezi,sitelinks,Mitzura_Arghezi,label,Mitzura_Arghezi,label,149503
215,Q12737130,Olga_Tudorache,84,32,147.0,16012,24,27,3,59,20070821041827,Olga_Tudorache,label,Olga_Tudorache,label,Olga_Tudorache,label,Olga_Tudorache,label,Olga_Tudorache,sitelinks,233435
216,Q443615,Monica_Anghel,83,36,77.0,5591,17,23,14,51,20060727142042,Monica_Anghel,label,Monica_Anghel,label,Monica_Anghel,sitelinks,Monica_Anghel,label,Monica_Anghel,sitelinks,101239
217,Q194848,Margareta_Pogonat,83,34,140.0,6456,17,23,7,32,20070921055649,Margareta_Pogonat,label,Margareta_Pogonat,label,Margareta_Pogonat,sitelinks,Margareta_Pogonat,label,Margareta_Pogonat,translation,252237
218,Q65106,Alexandra_Maria_Lara,83,49,22.0,4086,25,60,31,6,20050725004801,Alexandra_Maria_Lara,sitelinks,Alexandra_Maria_Lara,sitelinks,Alexandra_Maria_Lara,sitelinks,Alexandra_Maria_Lara,sitelinks,Alexandra_Maria_Lara,sitelinks,26633
219,Q3503458,Sulfina_Barbu,83,27,10.0,4499,8,13,3,22,20070402083437,Sulfina_Barbu,label,Sulfina_Barbu,label,Sulfina_Barbu,sitelinks,Sulfina_Barbu,sitelinks,Sulfina_Barbu,translation,189377
220,Q328055,Ana_Novac,82,21,4.0,10699,18,31,8,1,20100409130302,Ana_Novac,label,Ana_Novac,label,Ana_Novac,sitelinks,Ana_Novac,sitelinks,Ana_Novac,translation,653965
221,Q240098,Ileana_Cotrubaș,82,45,18.0,5495,25,41,14,8,20040516144432,Ileana_Cotrubas,sitelinks,Ileana_Cotrubaş,sitelinks,Ileana_Cotrubaș,sitelinks,Ileana_Cotrubaș,sitelinks,Ileana_Cotrubaș,sitelinks,8537
222,Q29528458,Ioana_Ignat,82,15,68.0,8385,21,12,3,32,20170319085756,Ioana_Ignat,label,Ioana_Ignat,label,Ioana_Ignat,sitelinks,Ioana_Ignat,label,0,0,1988026
223,Q18507270,Ștefania_Mărăcineanu,81,21,17.0,10708,28,19,8,3,20120405181933,Ștefania_Mărăcineanu,label,Ștefania_Mărăcineanu,sitelinks,Ștefania_Mărăcineanu,sitelinks,Ștefania_Mărăcineanu,label,Ștefania_Mărăcineanu,sitelinks,967037
224,Q443095,Rovana_Plumb,81,35,21.0,14164,27,22,8,23,20060914212727,Rovana_Plumb,label,Rovana_Plumb,label,Rovana_Plumb,sitelinks,Rovana_Plumb,sitelinks,Rovana_Plumb,sitelinks,110614
225,Q781482,Aurelia_Brădeanu,81,19,12.0,11371,5,20,10,87,20110910134316,Aurelia_Brădeanu,label,Aurelia_Brădeanu,label,Aurelia_Brădeanu,sitelinks,Aurelia_Brădeanu,sitelinks,Aurelia_Brădeanu,translation,897464
226,Q12743318,Veronica_Constantinescu,81,16,1.0,3555,2,8,0,1,20071123173325,Veronica_Constantinescu,translation,Veronica_Constantinescu,label,Veronica_Constantinescu,label,Veronica_Constantinescu,translation,Veronica_Constantinescu,label,284018
227,Q233689,Elisabeta_Lipă,80,45,92.0,5814,17,23,22,18,20060622100359,Elisabeta_Lipă,sitelinks,Elisabeta_Lipă,sitelinks,Elisabeta_Lipă,sitelinks,Elisabeta_Lipă,sitelinks,Elisabeta_Lipă,sitelinks,93879
228,Q26055548,Ileana_Ploscaru,80,10,3.0,6813,17,8,0,2,20160724090901,Ileana_Ploscaru,label,Ileana_Ploscaru,label,Ileana_Ploscaru,label,Ileana_Ploscaru,label,Ileana_Ploscaru,translation,1945590
229,Q16593784,Mirela_Zafiri,79,13,2.0,19034,73,13,0,2,20130406064523,Mirela_Zafiri,label,Mirela_Zafiri,label,Mirela_Zafiri,label,Mirela_Zafiri,label,Mirela_Zafiri,label,1132607
230,Q297770,Martha_Bibescu,79,46,80.0,14070,43,70,17,20,20050912104550,Marthe_Bibesco,sitelinks,Marthe_Bibesco,sitelinks,Marthe_Bibesco,sitelinks,Marthe_Bibesco,sitelinks,Martha_Bibescu,sitelinks,29314
231,Q18549839,Iulia_Vântur,79,23,2109.0,10473,19,15,1,14,20140125014016,Iulia_Vantur,label,Iulia_Vantur,label,0,0,Iulia_Vantur,label,Iulia_Vântur,translation,1227963
232,Q787198,Vera_Renczi,78,28,272.0,8419,9,13,8,1,20080716084929,Vera_Renczi,label,Vera_Renczi,label,Vera_Renczi,sitelinks,Vera_Renczi,sitelinks,Vera_Renczi,sitelinks,376224
233,Q269258,Anamaria_Marinca,78,42,20.0,8645,25,47,16,17,20070602085054,Anamaria_Marinca,label,Anamaria_Marinca,sitelinks,Anamaria_Marinca,sitelinks,Anamaria_Marinca,sitelinks,Anamaria_Marinca,sitelinks,211260
234,Q927780,Cecilia_Cuțescu-Storck,78,19,17.0,12464,25,30,9,179,20070805103957,Cecilia_Cuțescu-Storck,label,Cecilia_Cuțescu-Storck,sitelinks,Cecilia_Cuțescu-Storck,sitelinks,Cecilia_Cuțescu-Storck,sitelinks,Cecilia_Cuțescu-Storck,sitelinks,229647
235,Q12723458,Carmen_Stănescu,78,34,142.0,13453,25,23,3,17,20060725185038,Carmen_Stănescu,label,Carmen_Stănescu,label,Carmen_Stănescu,sitelinks,Carmen_Stănescu,label,Carmen_Stănescu,label,101013
236,Q18548477,Ana_Maria_Tănasie,78,13,4.0,20413,16,12,5,58,20141025074742,Ana_Maria_Tănasie,label,Ana_Maria_Tănăsie,label,Ana_Maria_Tănasie,sitelinks,Ana_Maria_Tănasie,label,0,0,1341908
237,Q12734700,Magda_Isanos,78,28,138.0,15209,15,28,0,13,20050330030046,Magda_Isanos,label,Magda_Isanos,label,Magda_Isanos,label,Magda_Isanos,label,Magda_Isanos,translation,20109
238,Q2823873,Ada_Milea,78,34,119.0,5279,14,25,5,13,20061214161355,Ada_Milea,sitelinks,Ada_Milea,sitelinks,Ada_Milea,sitelinks,Ada_Milea,sitelinks,Ada_Milea,translation,135591
239,Q12734876,Margareta_Sterian,78,19,14.0,4859,18,22,0,155,20090324121313,Margareta_Sterian,label,Margareta_Sterian,label,Margareta_Sterian,label,Margareta_Sterian,label,Margareta_Sterian,label,448930
240,Q3304507,Maria_Filotti,77,30,47.0,13459,17,17,4,30,20070225163726,Maria_Filotti,label,Maria_Filotti,label,Maria_Filotti,sitelinks,Maria_Filotti,label,Maria_Filotti,sitelinks,178209
241,Q15063736,Angela_Moldovan,77,25,47.0,9804,11,19,4,21,20070523141159,Angela_Moldovan,label,Angela_Moldovan,sitelinks,Angela_Moldovan,sitelinks,Angela_Moldovan,label,Angela_Moldovan,translation,207892
242,Q4750366,Ana_Guțu,77,14,25.0,16959,30,20,2,112,20131015024301,Ana_Guțu,label,Ana_Guțu,label,Ana_Guțu,sitelinks,Ana_Guțu,label,Ana_Guțo,translation,1186481
243,Q12720056,Adriana_Săftoiu,75,30,35.0,8430,11,15,2,7,20070105181418,Adriana_Săftoiu,label,Adriana_Săftoiu,label,Adriana_Săftoiu,sitelinks,Adriana_Săftoiu,label,Adriana_Săftoiu,label,153315
244,Q12734974,Mariana_Câmpeanu,75,20,6.0,11482,14,10,2,16,20080925181928,Mariana_Câmpeanu,label,Mariana_Câmpeanu,label,Mariana_Câmpeanu,label,Mariana_Câmpeanu,sitelinks,Mariana_Câmpeanu,label,398112
245,Q12739475,Rodica_Mandache,75,27,117.0,8859,11,10,0,37,20071202184026,Rodica_Mandache,label,Rodica_Mandache,label,Rodica_Mandache,label,Rodica_Mandache,label,Rodica_Mandache,label,287673
246,Q12734900,Maria_Gheorghiu,75,18,12.0,10382,17,14,2,4,20081207225543,Maria_Gheorghiu,label,Maria_Gheorghiu,label,Maria_Gheorghiu,sitelinks,Maria_Gheorghiu,sitelinks,Maria_Gheorghiu,label,417618
247,Q12736342,Marioara_Murărescu,74,26,38.0,7634,12,11,1,7,20101022115412,Marioara_Murărescu,label,Mărioara_Murărescu,label,Marioara_Murărescu,sitelinks,Marioara_Murărescu,label,Marioara_Murărescu,translation,800171
248,Q12728391,Florica_Duma,74,19,46.0,13997,14,9,0,5,20070523141321,Florica_Duma,label,Florica_Duma,label,Florica_Duma,label,Florica_Duma,label,Florica_La_duma,translation,207905
249,Q4975558,Elena_Cuza,74,33,118.0,8131,19,24,7,23,20060127162716,Elena_Rosetti,label,Elena_Cuza,label,Elena_Cuza,sitelinks,Elena_Rosetti,sitelinks,Elena_Cuza,translation,52486
250,Q2125838,Lena_Constante,74,35,24.0,10182,27,32,5,150,20051007132458,Lena_Constante,label,Lena_Constante,label,Lena_Constante,sitelinks,Lena_Constante,sitelinks,Lena_Constante,label,31489
251,Q161972,Aura_Twarowska,74,11,3.0,15409,14,11,4,2,20110111181628,Aura_Twarowska,label,Aura_Twarowska,label,Aura_Twarowska,sitelinks,Aura_Twarowska,label,Aura_Twarowska,label,826434
252,Q6061897,Ioana_Bulcă,73,28,98.0,8572,12,18,3,38,20080525160316,Ioana_Bulcă,label,Ioana_Bulcă,label,Ioana_Bulcă,sitelinks,Ioana_Bulcă,label,Ioana_Bulcă,label,358060
253,Q12720242,Alexandra_Cornilescu,73,13,7.0,5404,10,14,0,3,20070730130218,Alexandra_Cornilescu,label,Alexandra_Cornilescu,label,Alexandra_Cornilescu,label,Alexandra_Cornilescu,label,Alexandra_Cornilescu,translation,228008
254,Q235750,Ecaterina_Szabó,73,40,46.0,9616,12,21,22,9,20060926001523,Ecaterina_Szabo,sitelinks,Ecaterina_Szabo,sitelinks,Ecaterina_Szabo,sitelinks,Ecaterina_Szabó,sitelinks,Ecaterina_Szabó,sitelinks,112770
255,Q12735284,Melek_Amet,73,18,24.0,8243,20,11,1,5,20080523113455,Melek_Amet,label,Melek_Amet,label,Melek_Amet,sitelinks,Melek_Amet,label,Melek_Amet,translation,357451
256,Q12731064,Irina_Mavrodin,73,22,7.0,7113,18,23,0,5,20050922181202,Irina_Mavrodin,label,Irina_Mavrodin,label,Irina_Mavrodin,label,Irina_Mavrodin,label,Irina_Mavrodin,label,29977
257,Q5556801,Ghizela_Vass,73,25,23.0,9009,12,9,1,5,20061106092246,Ghizela_Vass,label,Ghizela_Vass,label,Ghizela_Vass,sitelinks,Ghizela_Vass,label,Ghizela_Vass,translation,123844
258,Q436155,Virginia_Zeani,73,34,25.0,9238,32,35,9,14,20050706212836,Virginia_Zeani,sitelinks,Virginia_Zeani,sitelinks,Virginia_Zeani,sitelinks,Virginia_Zeani,sitelinks,Virginia_Zeani,sitelinks,24221
259,Q12735380,Michaela_Niculescu,73,13,23.0,4616,2,9,0,1,20130314192529,Michaela_Niculescu,translation,Michaela_Niculescu,label,Michaela_Niculescu,label,Michaela_Niculescu,label,0,0,1127003
260,Q3700430,DJ_Layla,73,24,5.0,2465,8,10,4,2,20090605132736,DJ_Layla,translation,Dj_Layla,label,DJ_Layla,sitelinks,DJ_Layla,sitelinks,DJ_Layla,sitelinks,465983
261,Q12726962,Dorina_Lazăr,73,37,76.0,5162,20,17,0,47,20060728123057,0,0,Dorina_Lazăr,label,Dorina_Lazăr,label,0,0,0,0,101323
262,Q3742243,Felicia_Filip,72,23,25.0,10098,20,13,4,18,20080531174013,Felicia_Filip,label,Felicia_Filip,label,Felicia_Filip,sitelinks,Felicia_Filip,label,Felicia_Filip,sitelinks,360377
263,Q3083215,Luminița_Dinu-Huțupan,72,25,14.0,7919,8,13,10,62,20081222204903,Luminita_Dinu,label,Luminiţa_Dinu-Huţupan,sitelinks,Luminița_Dinu,sitelinks,Luminița_Dinu-Huțupan,sitelinks,Luminiţa_Dinu-Huţupan,translation,421056
264,Q2083617,Viorica_Agarici,72,33,12.0,19792,6,14,5,4,20061007055427,Viorica_Agarici,label,Viorica_Agarici,label,Viorica_Agarici,sitelinks,Viorica_Agarici,sitelinks,Viorica_Agarici,sitelinks,115781
265,Q265971,Lavinia_Miloșovici,72,41,76.0,10543,7,18,17,22,20060715182552,Lavinia_Miloşovici,sitelinks,Lavinia_Miloşovici,sitelinks,Lavinia_Miloșovici,sitelinks,Lavinia_Miloșovici,sitelinks,Lavinia_Miloșovici,sitelinks,98281
266,Q16593212,Irina_Burnaia,72,14,14.0,32375,15,11,0,8,20140111173856,Irina_Burnaia,label,Irina_Burnaia,label,Irina_Burnaia,label,Irina_Burnaia,label,Irina_Burnaia,label,1223975
267,Q12743039,Valeria_Seciu,72,28,174.0,13826,13,20,0,42,20070907090918,Valeria_Seciu,label,Valeria_Seciu,label,Valeria_Seciu,label,Valeria_Seciu,label,Valeria_Seciu,label,241076
268,Q261329,Lia_Manoliu,71,39,54.0,5826,18,37,27,9,20061230230556,Lia_Manoliu,sitelinks,Lia_Manoliu,sitelinks,Lia_Manoliu,sitelinks,Lia_Manoliu,sitelinks,Lia_Manoliu,sitelinks,145807
269,Q12737131,Olga_Delia_Mateescu,71,20,41.0,8794,17,9,0,19,20071201155630,Olga_Delia_Mateescu,label,Olga_Delia_Mateescu,label,Olga_Delia_Mateescu,label,Olga_Delia_Mateescu,label,Olga_Delia_Mateescu,label,287201
270,Q239647,Virginia_Ruzici,71,28,35.0,2648,11,27,24,5,20060625143830,Virginia_Ruzici,sitelinks,Virginia_Ruzici,sitelinks,Virginia_Ruzici,sitelinks,Virginia_Ruzici,sitelinks,Virginia_Ruzici,sitelinks,94364
271,Q12720258,Alexandra_Ungureanu,71,29,46.0,5966,12,12,1,15,20090105212042,Alexandra_Ungureanu,label,Alexandra_Ungureanu,label,Alexandra_Ungureanu,label,Alexandra_Ungureanu,label,Alexandra_Ungureanu,translation,423995
272,Q8195621,Alina_Sorescu,71,18,25.0,7325,9,12,3,10,20080721091822,Alina_Sorescu,label,Alina_Sorescu,sitelinks,Alina_Sorescu,sitelinks,Alina_Sorescu,label,Alina_Sorescu,translation,377766
273,Q232547,Edina_Gallovits-Hall,71,33,2.0,3132,8,28,21,2,20080721155302,Edina_Gallovits-Hall,sitelinks,Edina_Gallovits-Hall,sitelinks,Edina_Gallovits-Hall,sitelinks,Edina_Gallovits,sitelinks,Edina_Gallovits,sitelinks,377854
274,Q2714385,Rona_Hartner,70,29,145.0,9822,32,46,9,13,20100301200332,Rona_Hartner,label,Rona_Hartner,sitelinks,Rona_Hartner,sitelinks,Rona_Hartner,sitelinks,Rona_Hartner,sitelinks,619146
275,Q3541501,Matilda_Caragiu_Marioțeanu,70,29,25.0,10518,25,21,3,8,20070502080010,Matilda_Caragiu_Marioțeanu,label,Matilda_Caragiu_Marioțeanu,label,Matilda_Caragiu_Marioțeanu,label,Matilda_Caragiu_Marioțeanu,label,Matilda_Caragiu_Marioțeanu,translation,200222
276,Q18544537,Ioana_Olteș,70,18,4.0,7772,14,18,0,5,20080302194636,Ioana_Olteș,translation,Ioana_Olteș,label,Ioana_Olteș,label,Ioana_Olteș,translation,Ioana_Olteș,translation,0
277,Q458054,Cristina_Vărzaru,69,17,22.0,8552,7,20,9,64,20080416100619,Cristina_Vărzaru,label,Cristina_Vărzaru,label,Cristina_Vărzaru,sitelinks,Cristina_Vărzaru,sitelinks,Cristina_Vărzaru,translation,346169
278,Q12728444,Florina_Cercel,69,27,237.0,7578,17,18,2,40,20080314165430,0,0,Florina_Cercel,label,Florina_Cercel,label,Florina_Cercel,label,Florina_Cercel,label,330046
279,Q3292418,Maria_Tescanu_Rosetti,69,27,123.0,6875,14,17,2,8,20051005195318,Marie_Cantacuzène,label,Marie_Cantacuzène,label,Marie_Cantacuzène,label,Marie_Cantacuzène,sitelinks,Maria_Tescanu_Rosetti,sitelinks,31313
280,Q12720644,Andreea_Raicu,68,21,154.0,10667,21,10,0,13,20090916134606,Andreea_Raicu,translation,Andreea_Raicu,label,Andreea_Raicu,label,Andreea_Raicu,translation,Andreea_Raicu,label,547786
281,Q7911198,Valeria_Beșe,68,18,4.0,10924,8,17,3,52,20090516132657,Valeria_Beșe,label,Valeria_Beșe,label,Valeria_Motogna-Beșe,sitelinks,Valeria_Beșe,label,Valeria_Beșe,translation,460465
282,Q3733641,Eta_Boeriu,68,28,9.0,4113,17,21,2,1,20051128175938,Eta_Boeriu,label,Eta_Boeriu,label,Eta_Boeriu,sitelinks,Eta_Boeriu,label,Eta_Boeriu,sitelinks,35619
283,Q1163497,Daniela_Nane,68,24,67.0,3902,14,14,3,19,20080911145931,Daniela_Nane,label,Daniela_Nane,label,Daniela_Nane,label,Daniela_Nane,sitelinks,Daniela_Nane,translation,394089
284,Q12734973,Mariana_Mihuț,68,30,177.0,8384,9,18,0,38,20070315125347,Mariana_Mihuț,label,Mariana_Mihuț,label,Mariana_Mihuț,label,Mariana_Mihuț,label,Mariana_Mihuț,translation,183256
285,Q237280,Simona_Amânar,68,32,102.0,3036,5,22,21,11,20061002000418,Simona_Amânar,sitelinks,Simona_Amânar,sitelinks,Simona_Amânar,sitelinks,Simona_Amânar,sitelinks,Simona_Amânar,sitelinks,114491
286,Q12720145,Aimée_Iacobescu,68,17,80.0,5181,16,17,1,18,20080809131203,Aimée_Iacobescu,label,Aimée_Iacobescu,label,Aimée_Iacobescu,sitelinks,Aimée_Iacobescu,label,Aimée_Iacobescu,label,383300
287,Q12744036,Zina_Dumitrescu,67,19,41.0,3388,16,12,0,6,20080901155142,Zina_Dumitrescu,label,Zina_Dumitrescu,label,Zina_Dumitrescu,label,Zina_Dumitrescu,label,Zina_Dumitrescu,label,390827
288,Q18537779,Camelia_Beldie,67,13,1.0,13226,15,11,0,17,20110906022430,0,0,Camelia_Beldie,label,Camelia_Beldie,label,Camelia_Beldie,label,0,0,896168
289,Q84850732,Roxen,67,10,229.0,7957,16,15,19,22,20200212114851,Roxen_(cantant),sitelinks,Roxen,sitelinks,Roxen_(singer),sitelinks,Roxen_(chanteuse),sitelinks,Roxen,sitelinks,2477896
290,Q12730298,Ileana_Stana-Ionescu,67,28,104.0,11253,12,25,4,19,20070103185420,Ileana_Stana-Ionescu,label,Ileana_Stana-Ionescu,label,Ileana_Stana-Ionescu,sitelinks,Ileana_Stana-Ionescu,label,Ileana_Stana-Ionescu,sitelinks,149605
291,Q602398,Diana_Bulimar,67,21,46.0,8108,11,19,15,6,20120726065628,Diana_Bulimar,sitelinks,Diana_Bulimar,sitelinks,Diana_Bulimar,sitelinks,Diana_Bulimar,sitelinks,Diana_Bulimar,sitelinks,1010608
292,Q20902378,ADDA,67,17,172.0,4927,13,9,0,4,20150628083318,ADDA,label,ADDA,label,ADDA,label,ADDA,label,ADDA,translation,1636804
293,Q2851625,Annie_Bentoiu,67,23,17.0,6203,26,29,2,4,20070505160518,Annie_Bentoiu,label,Annie_Bentoiu,label,Annie_Bentoiu,sitelinks,Annie_Bentoiu,sitelinks,Annie_Bentoiu,label,201671
294,Q16593626,Raluka,67,20,382.0,10074,28,9,1,10,20100402211514,Raluka,label,Raluka,label,Raluka,label,Raluka,label,Raluka,translation,651871
295,Q12740893,Simona_Sensual,66,23,23.0,8251,23,8,0,2,20090824000651,Simona_Sensual,label,Simona_Sensual,label,Simona_Sensual,label,Simona_Sensual,label,Simona_Sensual,label,493686
296,Q6857941,Milița_Petrașcu,66,23,17.0,17451,33,23,1,164,20060118190057,Milița_Petrașcu,label,Milița_Petrașcu,label,Milița_Petrașcu,sitelinks,Milița_Petrașcu,label,Miliţa_Petraşcu,label,49730
297,Q63183194,Roxana_Sorescu,66,3,54.0,21910,21,15,0,4,20190416152428,0,0,Roxana_Sorescu,label,Roxana_Sorescu,label,0,0,0,0,2396374
298,Q6729787,Magda_Cârneci,66,21,7.0,15163,19,25,4,14,20070820124248,Magda_Cârneci,sitelinks,Magda_Cârneci,sitelinks,Magda_Cârneci,sitelinks,Magda_Cărneci,sitelinks,Magda_Cârneci,translation,233315
299,Q4342644,Liliana_Palihovici,66,22,5.0,7158,10,17,3,122,20110915090656,Liliana_Palihovici,translation,Liliana_Palihovici,label,Liliana_Palihovici,sitelinks,Liliana_Palihovici,label,Liliana_Palihovici,translation,898785
300,Q18541362,Liliana_Corobca,66,13,9.0,15119,71,20,1,1,20141008202501,Liliana_Corobca,translation,Liliana_Corobca,label,Liliana_Corobca,label,Liliana_Corobca,label,Liliana_Corobca,translation,1337808
301,Q436134,Mariana_Codruț,66,26,4.0,5132,17,19,3,1,20050909095905,Mariana_Codruț,label,Mariana_Codruț,label,Mariana_Codruț,sitelinks,Mariana_Codruț,sitelinks,Mariana_Codruț,translation,29133
302,Q286354,Nicola,65,31,36.0,9686,22,17,18,18,20060727142127,Nicoleta_Alexandru,label,Nicoleta_Alexandru,label,Nicoleta_Alexandru,sitelinks,Nicoleta_Alexandru,label,Nicoleta_Alexandru,sitelinks,101244
303,Q12735855,Mona_Pivniceru,65,20,119.0,5638,11,10,2,37,20110618004141,Mona_Pivniceru,label,Mona_Pivniceru,label,Mona_Pivniceru,label,Mona_Pivniceru,sitelinks,Mona_Pivniceru,translation,873957
304,Q7219322,Sanda_Marin,65,20,78.0,5698,1,7,1,8,20070801084428,Sandàlia_Marí,translation,Sandalia_Marino,translation,0,0,Sandale_Marin,translation,Sandalia_Marino,translation,228403
305,Q3364101,Melinda_Geiger,65,14,1.0,12209,9,19,10,82,20101013201528,Melinda_Geiger,label,Melinda_Geiger,label,Melinda_Geiger,sitelinks,Melinda_Geiger,sitelinks,Melinda_Geiger,label,797693
306,Q18561320,Carmen_Iohannis,65,17,202.0,6224,15,11,3,4,20141127122451,Carmen_Johannis,label,Carmen_Iohannis,label,Carmen_Iohannis,sitelinks,Carmen_Iohannis,sitelinks,Carmen_Iohannis,translation,1354589
307,Q12729937,Henriette_Yvonne_Stahl,65,24,45.0,6682,12,26,3,7,20050404113517,Henriette_Yvonne_Stahl,label,Henriette_Yvonne_Stahl,label,Henriette_Yvonne_Stahl,sitelinks,Henriette_Yvonne_Stahl,sitelinks,Henriette_Yvonne_Stahl,translation,20338
308,Q232432,Ioana_Raluca_Olaru,65,25,9.0,12937,16,32,23,3,20100316193823,Raluca_Olaru,sitelinks,Ioana_Raluca_Olaru,sitelinks,Raluca_Olaru,sitelinks,Raluca_Olaru,sitelinks,Ioana_Raluca_Olaru,sitelinks,645704
309,Q16593242,Angela_Ciochină,65,15,56.0,4454,10,11,1,1,20100921191415,Angela_Ciochină,label,Angela_Ciochină,label,Angela_Ciochină,label,Angela_Ciochină,label,Angela_Ciochină,sitelinks,791554
310,Q450668,Ioana_Zizi_Lambrino,65,27,125.0,4016,15,20,6,9,20060831123914,Zizi_Lambrino,label,Juana_María_Lambrino,sitelinks,Zizi_Lambrino,sitelinks,Zizi_Lambrino,sitelinks,Zizi_Lambrino,sitelinks,107758
311,Q12730297,Ileana_Mălăncioiu,65,29,32.0,9044,18,22,0,13,20050901042210,Ileana_Mălăncioiu,label,Ileana_Mălăncioiu,label,Ileana_Mălăncioiu,label,Ileana_Mălăncioiu,label,Ileana_Mălăncioiu,translation,28562
312,Q5170538,Corina_Fusu,64,19,6.0,8116,17,15,2,114,20081211021809,Corina_Fusu,translation,Corina_Fusu,label,Corina_Fusu,sitelinks,Corina_Fusu,label,Corina_Fusu,translation,418355
313,Q7825347,Tora_Vasilescu,64,29,162.0,5362,17,17,1,43,20070821041222,Tora_Vasilescu,label,Tora_Vasilescu,label,Tora_Vasilescu,sitelinks,Tora_Vasilescu,label,Tora_Vasilescu,translation,233430
314,Q3562622,Hedi_Hauser,64,19,1.0,10753,13,21,1,3,20071025111317,Hedi_Hauser,label,Hedi_Hauser,label,Hedi_Hauser,label,Hedi_Hauser,label,Hedi_Hauser,translation,270550
315,Q3962956,Smaranda_Brăescu,64,30,91.0,42031,14,11,7,7,20060831115657,Smaranda_Brăescu,label,Smaranda_Brăescu,label,Smaranda_Brăescu,sitelinks,Smaranda_Brăescu,sitelinks,Smaranda_Brăescu,sitelinks,107750
316,Q164483,Valeria_Peter_Predescu,64,19,22.0,9302,15,17,2,3,20090129213148,Valeria_Peter_Predescu,label,Valeria_Peter_Predescu,label,Valeria_Peter_Predescu,sitelinks,Valeria_Peter_Predescu,label,Valeria_Peter_Predescu,translation,432759
317,Q7356775,Rodica_Stănoiu,64,21,19.0,4719,9,23,2,43,20070101120946,Rodica_Stănoiu,label,Rodica_Stănoiu,label,Rodica_Stănoiu,sitelinks,Rodica_Stănoiu,label,Rodica_Stănoiu,translation,147266
318,Q4116979,Luminița_Gheorghiu_(actriță),63,27,41.0,8195,22,40,7,38,20101014080049,Luminița_Gheorghiu,label,Luminița_Gheorghiu,label,Luminița_Gheorghiu,sitelinks,Luminița_Gheorghiu,sitelinks,Luminița_Gheorghiu,label,797785
319,Q12723258,Cabiria_Andreian_Cazacu,63,17,8.0,13688,16,35,5,4,20070511133825,Cabiria_Andreian_Cazacu,label,Cabiria_Andreian_Cazacu,label,Cabiria_Andreian_Cazacu,sitelinks,Cabiria_Andreian_Cazacu,sitelinks,Cabiria_Andreian_Cazacu,label,203903
320,Q534790,Roxana_Briban,63,32,7.0,6545,16,21,3,4,20070207213421,Roxana_Briban,label,Roxana_Briban,label,Roxana_Briban,sitelinks,Roxana_Briban,label,Roxana_Briban,translation,172523
321,Q16593593,Maria_Ploae,63,30,99.0,5237,14,16,1,40,20070907091810,Maria_Ploae,label,Maria_Ploae,label,Maria_Ploae,sitelinks,Maria_Ploae,label,Maria_Ploae,label,241084
322,Q18541553,Loretta_Handrabura,62,11,3.0,10480,22,14,1,21,20131112025626,Loretta_Handrabura,label,Loretta_Handrabura,label,Loretta_Handrabura,sitelinks,Loretta_Handrabura,label,Loretta_Handrabura,label,1207287
323,Q274727,Gabriela_Crețu,62,25,14.0,2899,15,22,5,4,20070102194029,Gabriela_Crețu,label,Gabriela_Crețu,label,Gabriela_Crețu,sitelinks,Gabriela_Crețu,sitelinks,Gabriela_Crețo,translation,147943
324,Q12744068,Zoe_Petre,62,19,24.0,8136,24,32,1,11,20070531070414,Zoe_Petre,label,Zoe_Petre,label,Zoe_Petre,sitelinks,Zoe_Petre,label,Zoe_Petre,label,210437
325,Q12736995,Oana_Sârbu,62,26,271.0,4544,13,12,0,12,20070608045057,Oana_Sârbu,label,Oana_Sârbu,label,Oana_Sârbu,label,Oana_Sârbu,label,Oana_Sârbu,label,213392
326,Q1873219,Lucia_Mureșan,62,23,21.0,12292,14,12,1,14,20100712150809,Lucia_Mureșan,label,Lucia_Mureșan,label,Lucia_Mureșan,label,Lucia_Mureșan,label,Lucia_Mureșan,translation,747467
327,Q16593571,Ozana_Barabancea,62,14,65.0,3550,5,8,0,7,20110510152934,Ozana_Barabancea,label,Ozana_Barabancea,label,Ozana_Barabancea,label,Ozana_Barabancea,label,Ozana_Barabancea,label,863292
328,Q231028,Alexandra_Dulgheru,62,27,9.0,5112,9,30,25,8,20100514210636,Alexandra_Dulgheru,sitelinks,Alexandra_Dulgheru,sitelinks,Alexandra_Dulgheru,sitelinks,Alexandra_Dulgheru,sitelinks,Alexandra_Dulgheru,sitelinks,668003
329,Q433359,Maria_Popistașu,62,31,46.0,6092,19,27,3,7,20070802000554,Maria_Popistașu,label,Maria_Popistasu,label,Maria_Popistașu,sitelinks,Maria_Popistașu,sitelinks,Maria_Popistașu,label,228707
330,Q455878,Elvira_Popescu,62,37,65.0,12584,29,51,11,11,20040608060634,Elvire_Popesco,sitelinks,Elvira_Popescu,sitelinks,Elvira_Popescu,sitelinks,Elvire_Popesco,sitelinks,Elvira_Popescu,sitelinks,9632
331,Q12734883,Maria_Alexandrescu_Vianu,62,13,14.0,11092,14,12,0,8,20090929190455,Maria_Alexandrescu_Vianu,label,Maria_Alexandrescu_Vianu,label,Maria_Alexandrescu_Vianu,label,Maria_Alexandrescu_Vianu,label,0,0,552486
332,Q72286,Constantina_Diță-Tomescu,62,31,20.0,5456,10,26,23,4,20080817092122,Constantina_Tomescu,sitelinks,Constantina_Tomescu,sitelinks,Constantina_Diță,sitelinks,Constantina_Tomescu,sitelinks,Constantina_Diță,sitelinks,385363
333,Q7356774,Rodica_Popescu_Bitănescu,62,30,110.0,4067,7,12,1,30,20070907081701,Rodica_Popescu_Bitănescu,label,Rodica_Popescu_Bitănescu,label,Rodica_Popescu_Bitănescu,sitelinks,Rodica_Popescu_Bitănescu,label,Rodica_Popescu_Bitănescu,label,241033
334,Q7910866,Valentina_Stratan,61,15,1.0,6618,7,9,1,111,20070408142157,Valentina_Stratan,translation,Valentina_Golban,label,Valentina_Golban,sitelinks,Valentina_Golban,label,Valentina_Stratan,translation,190819
335,Q13580309,Eliza_Buceschi,61,16,8.0,69073,122,17,9,80,20120819140330,Eliza_Buceschi,label,Eliza_Buceschi,label,Eliza_Buceschi,sitelinks,Eliza_Buceschi,sitelinks,Eliza_Buceschi,label,1026845
336,Q269825,Angelica_Adelstein-Rozeanu,61,34,15.0,7934,10,17,16,2,20060209010645,Angelica_Rozeanu,label,Angelica_Rozeanu,sitelinks,Angelica_Rozeanu,sitelinks,Angelica_Rozeanu,sitelinks,Angelica_Rozeanu,translation,58225
337,Q535367,Laura_Vasiliu,61,27,9.0,4033,19,33,5,14,20070602121055,Laura_Vasiliu,label,Laura_Vasiliu,label,Laura_Vasiliu,sitelinks,Laura_Vasiliu,label,Laura_Vasiliu,sitelinks,211293
338,Q12735018,Marina_Nicolaev,61,19,0.0,8711,3,6,0,3,20070925022047,Marina_Nicolaev,label,Marina_Nicolaev,label,Marina_Nicolaev,label,Marina_Nicolaev,label,Marina_Nicolaev,label,254003
339,Q16889563,Silvia_Busuioc,60,12,6.0,8535,26,17,2,1,20140519221307,Silvia_Busuioc,label,Silvia_Busuioc,label,Silvia_Busuioc,label,Silvia_Busuioc,label,Silvia_Busuioc,sitelinks,1259120
340,Q16593640,Elena_Roizen,60,18,34.0,3118,18,24,0,2,20071106065326,Elena_Roizen,label,Elena_Roizen,label,Elena_Roizen,label,Elena_Roizen,label,Elena_Roizen,label,276141
341,Q12739486,Rodica_Bretin,60,19,3.0,10482,12,12,1,4,20070620160704,Rodica_Bretin,label,Rodica_Bretin,label,Rodica_Bretin,sitelinks,Rodica_Bretin,label,0,0,217972
342,Q2915031,Lia_van_Leer,60,20,0.0,4036,18,23,15,1,20070122132106,Lia_van_Leer,label,Lia_Van_Leer,sitelinks,Lia_van_Leer,sitelinks,Lia_van_Leer,sitelinks,Lia_Vanno_Leggere,translation,164851
343,Q12721605,Beatrice_Bednarik,59,12,3.0,8451,3,10,0,7,20090328131858,Beatrice_Bednarik,label,Beatrice_Bednarik,label,Beatrice_Bednarik,label,Beatrice_Bednarik,label,Beatrice_Bednarik,translation,449852
344,Q12727511,Elena_Ștefoi,59,15,7.0,4518,13,11,0,4,20070714121300,Elena_Ștefoi,label,Elena_Ștefoi,label,Elena_Ștefoi,label,Elena_Ștefoi,label,Elena_Ștefoi,label,224163
345,Q434606,Anca_Petrescu,59,31,41.0,6376,16,24,15,7,20070102192449,Anca_Petrescu,label,Anca_Petrescu,sitelinks,Anca_Petrescu,sitelinks,Anca_Petrescu,sitelinks,Anca_Petrescu,sitelinks,147932
346,Q7030217,Nicole_Valéry-Grossu,59,15,9.0,8807,8,20,1,4,20081024144723,Nicole_Valéry_Grossu,label,Nicole_Valéry_Grossu,label,Nicole_Valéry_Grossu,sitelinks,Nicole_Valéry_Grossu,label,Nicole_Valéry_Grossu,label,405876
347,Q28058441,Feli_(cântăreață),59,16,230.0,8743,20,32,1,1,20161129222123,Feli_Donose,label,Feli_Donose,label,Feli_Donose,label,Feli_Donose,label,Feli_Donose,label,1966988
348,Q5361406,Elisabeta_Rizea,59,25,56.0,3801,20,10,3,12,20070310221825,Elisabeta_Rizea,label,Elisabeta_Rizea,label,Elisabeta_Rizea,sitelinks,Elisabeta_Rizea,sitelinks,Elisabeta_Rizea,translation,181921
349,Q1302557,Anna_Széles,59,27,159.0,2566,15,24,4,10,20061008151424,Anna_Szeles,translation,Anna_Szeles,label,Anna_Széles,label,Anna_Szeles,label,Anna_Szeles,translation,116241
350,Q12741952,Tatiana_Iekel,59,23,127.0,8318,16,14,0,23,20070907091244,Tatiana_Iekel,label,Tatiana_Iekel,label,Tatiana_Iekel,label,Tatiana_Iekel,label,Tatiana_Iekel,translation,241079
351,Q12734909,Maria_Magdalena_Dănăilă,59,14,1.0,9961,11,10,0,1,20090506061225,Maria_Magdalena_Dănăilă,label,Maria_Magdalena_Dănăilă,label,Maria_Magdalena_Dănăilă,label,Maria_Magdalena_Dănăilă,label,Maria_Magdalena_Dănăilă,label,457881
352,Q7074352,Oana_Niculescu-Mizil,59,22,44.0,4738,15,11,1,2,20101002184821,Oana_Niculescu-Mizil,label,Oana_Niculescu-Mizil,label,Oana_Niculescu-Mizil,sitelinks,Oana_Niculescu-Mizil,label,Oana_Niculescu-Mizil,translation,794362
353,Q22133231,Ioana_Cristache_Panait,59,8,1.0,11391,3,10,0,3,20160108141041,Ioana_Cristache_Panait,label,Ioana_Cristache_Panait,label,Ioana_Cristache_Panait,label,Ioana_Cristache_Panait,label,Ioana_Cristache_Panait,translation,1846297
354,Q2425740,Tatiana_Stepa,58,35,61.0,5780,14,17,1,8,20080902220652,Tatiana_Stepa,label,Tatiana_Stepa,label,Tatiana_Stepa,sitelinks,Tatiana_Stepa,label,Tatiana_La_steppa,translation,391317
355,Q12739618,Roxana_Matei,58,16,7.0,4733,13,18,1,3,20100104120028,Roxana_Matei,label,Roxana_Matei,label,Roxana_Matei,label,Roxana_Matei,label,Roxana_Ad_uccida,translation,587690
356,Q3276639,Magda_Stavinschi,58,13,4.0,5565,11,18,1,3,20121025074648,Magda_Stavinschi,label,Magda_Stavinschi,label,Magda_Stavinschi,label,Magda_Stavinschi,sitelinks,Magda_Stavinschi,label,1053623
357,Q12740845,Silvia_Dumitrescu,58,13,78.0,7118,13,12,0,9,20090828175130,Silvia_Dumitrescu,label,Silvia_Dumitrescu,label,Silvia_Dumitrescu,label,Silvia_Dumitrescu,label,Silvia_Dumitrescu,label,499332
358,Q274781,Violeta_Dinescu,58,22,1.0,18763,17,41,7,2,20070613084410,Violeta_Dinescu,label,Violeta_Dinescu,label,Violeta_Dinescu,sitelinks,Violeta_Dinescu,sitelinks,Violeta_Dinescu,sitelinks,215333
359,Q3734260,Eugenia_Bulat,57,18,1.0,33995,10,15,1,3,20090926154342,Eugenia_Bulat,translation,Eugenia_Bulat,label,Eugenia_Bulat,label,Eugenia_Bulat,label,Eugenia_Bulat,sitelinks,551305
360,Q237005,Doina_Melinte,57,28,41.0,4078,14,24,23,8,20070630161931,Doina_Melinte,label,Doina_Melinte,sitelinks,Doina_Melinte,sitelinks,Doina_Melinte,sitelinks,Doina_Melinte,sitelinks,220961
361,Q15969050,Amna,57,13,214.0,4025,12,13,2,8,20140320222238,Amna,label,Amna,sitelinks,Amna,label,Amna,label,Amna,translation,1244699
362,Q254493,Mihaela_Ursuleasa,57,23,37.0,8482,45,35,11,4,20091020221610,Mihaela_Ursuleasa,sitelinks,Mihaela_Ursuleasa,sitelinks,Mihaela_Ursuleasa,sitelinks,Mihaela_Ursuleasa,sitelinks,Mihaela_Ursuleasa,translation,560816
363,Q12744071,Zoia_Alecu,57,16,59.0,10352,21,13,0,26,20080416223637,Zoia_Alecu,label,Zoia_Alecu,label,Zoia_Alecu,label,Zoia_Alecu,label,Zoia_Alecu,label,346433
364,Q240077,Maria_Cioncan,57,33,18.0,7739,10,22,17,4,20070121114053,Maria_Cioncan,label,Maria_Cioncan,sitelinks,Maria_Cioncan,sitelinks,Maria_Cioncan,sitelinks,Maria_Cioncan,sitelinks,164322
365,Q46624465,Carmen_Lopăzan,57,10,10.0,5823,23,9,0,2,20160701081757,Carmen_Lopăzan,label,Carmen_Lopăzan,label,Carmen_Lopăzan,label,Carmen_Lopăzan,label,Carmen_Lopăzan,translation,2014393
366,Q15402320,Nina_Arbore,57,11,4.0,11338,29,30,5,171,20130512163643,Nina_Arbore,label,Nina_Arbore,label,Nina_Arbore,sitelinks,Nina_Arbore,label,Nina_Arbore,label,1140733
367,Q12739487,Rodica_Negrea,57,18,63.0,9055,10,13,0,17,20090122115902,Rodica_Negrea,translation,Rodica_Negrea,label,Rodica_Negrea,label,Rodica_Negrea,label,Rodica_Negrea,label,429726
368,Q12721116,Aspazia_Cojocaru,57,27,9.0,5708,10,9,0,6,20070325183130,Aspazia_Cojocaru,translation,Aspazia_Cojocaru,label,Aspazia_Cojocaru,label,Aspazia_Cojocaru,translation,Aspazia_Cojocaru,translation,186422
369,Q12741758,Suzana_Gâdea,57,21,30.0,9482,7,9,2,4,20070503120350,Suzana_Gâdea,label,Suzana_Gâdea,label,Suzana_Gâdea,label,Suzana_Gâdea,sitelinks,Suzana_Gâdea,label,200888
370,Q12720618,Anca_Sigartău,56,18,133.0,11269,33,14,0,10,20120704080723,Anca_Sigartau,label,Anca_Sigartau,label,Anca_Sigartău,label,Anca_Sigartau,label,0,0,991020
371,Q19632335,Patricia_Maria_Țig,56,18,9.0,5653,14,18,14,7,20151220124154,Patricia_Maria_Țig,label,Patricia_Maria_Țig,sitelinks,Patricia_Maria_Țig,sitelinks,Patricia_Maria_Țig,sitelinks,Patricia_Maria_Tig,sitelinks,1834151
372,Q3303914,Medeea_Marinescu,56,24,113.0,5267,26,23,5,24,20100718185318,Medeea_Marinescu,label,Medeea_Marinescu,sitelinks,Medeea_Marinescu,sitelinks,Medeea_Marinescu,sitelinks,Medeea_Marinescu,translation,752501
373,Q3364122,Talida_Tolnai,56,18,4.0,5286,1,17,6,61,20090605172412,Talida_Tolnai,label,Talida_Tolnai,label,Talida_Tolnai,sitelinks,Talida_Tolnai,sitelinks,Talida_Tolnai,translation,466004
374,Q12720260,Alexandrina_Cernov,56,13,1.0,3614,7,7,0,3,20070511153714,Alexandrina_Cernov,label,Alexandrina_Cernov,label,Alexandrina_Cernov,label,Alexandrina_Cernov,label,Alexandrina_Cernov,translation,203953
375,Q7288402,Raluca_Ripan,56,23,9.0,13158,11,19,4,8,20070501190807,Raluca_Ripan,label,Raluca_Ripan,label,Raluca_Ripan,sitelinks,Raluca_Ripan,sitelinks,Raluca_Ripan,label,199851
376,Q6762037,Mariana_Durleșteanu,56,14,4.0,6282,8,10,1,4,20080401150927,Mariana_Durlesteanu,translation,Mariana_Durlesteanu,label,Mariana_Durleșteanu,sitelinks,Mariana_Durlesteanu,label,Mariana_Durlesteanu,translation,341966
377,Q12741424,Stela_Sava,56,14,0.0,8274,6,6,0,5,20090102143455,Stela_Sava,label,Stela_Sava,label,Stela_Sava,label,Stela_Sava,label,Stela_Sava,label,423142
378,Q6761146,Maria_Dinulescu,56,28,69.0,4048,17,19,2,15,20071103121148,Maria_Dinulescu,label,Maria_Dinulescu,label,Maria_Dinulescu,sitelinks,Maria_Dinulescu,label,Maria_Dinulescu,label,275252
379,Q6761553,Maria_Rusescu,55,13,1.0,4287,15,9,2,1,20100813030057,Maria_Rusescu,label,Maria_Rusescu,label,Maria_Rusescu,sitelinks,Maria_Rusescu,label,0,0,768965
380,Q12735420,Mihaela_Mihai,55,21,101.0,9037,21,12,2,17,20071231095346,Mihaela_Mihai,label,Mihaela_Mihai,label,Mihaela_Mihai,label,Mihaela_Mihai,label,Mihaela_Mihai,sitelinks,297542
381,Q1592465,Irina_Petraș,55,14,3.0,17074,20,20,2,40,20070819100725,Irina_Petraș,label,Irina_Petraș,label,Irina_Petraș,sitelinks,Irina_Petraș,label,Irina_Petraș,translation,233057
382,Q21510579,Raluca_Prună,55,11,19.0,3910,8,12,5,34,20160329134657,Raluca_Prună,label,Raluca_Prună,label,Raluca_Prună,label,Raluca_Prună,sitelinks,Raluca_Prună,sitelinks,1924210
383,Q4681139,Steluța_Luca,55,17,8.0,7850,5,15,3,45,20090604203819,Steluța_Luca,label,Steluța_Luca,label,Steluța_Luca,sitelinks,Steluța_Luca,label,Steluța_Luca,translation,465834
384,Q1327838,Elena_Albu,55,27,53.0,3341,5,15,2,13,20070722081404,Elena_Albu,label,Elena_Albu,label,Elena_Albu,sitelinks,Elena_Albu,label,L'helena_Albu,translation,225970
385,Q11686990,Aura_Buzescu,55,27,25.0,4508,10,11,2,7,20080827084518,Aura_Buzescu,label,Aura_Buzescu,label,Aura_Buzescu,label,Aura_Buzescu,label,Aura_Buzescu,sitelinks,388612
386,Q12731071,Irina_Nechit,55,23,6.0,5470,23,15,0,5,20060221173447,Irina_Nechit,label,Irina_Nechit,label,Irina_Nechit,label,Irina_Nechit,label,Irina_Nechit,label,64183
387,Q12720570,Ana-Stanca_Tabarasi-Hoffmann,55,12,3.0,9246,11,5,0,1,20090130233000,Ana-Stanca_Tabarasi-Hoffmann,label,Ana-Stanca_Tabarasi-Hoffmann,label,Ana-Stanca_Tabarasi-Hoffmann,label,Ana-Stanca_Tabarasi-Hoffmann,label,Ana-Stanca_Tabarasi-Hoffmann,label,433083
388,Q12728729,Gabriela_Creția,55,12,4.0,3992,7,13,0,3,20070518195333,Gabriela_Creția,label,Gabriela_Creția,label,Gabriela_Creția,label,Gabriela_Creția,label,Gabriela_Creția,label,206740
389,Q12724255,Coca_Andronescu,55,24,160.0,4005,11,13,1,32,20061231130151,Coca_Andronescu,label,Coca_Andronescu,label,Coca_Andronescu,sitelinks,Coca_Andronescu,label,Coca_Andronescu,label,146488
390,Q468198,Natalia_Morari,54,19,49.0,11391,41,22,16,3,20080308190758,Natalia_Habitar,translation,Natalia_Morar,sitelinks,Natalia_Morar,sitelinks,Natalia_Morari,label,Natalia_Morari,sitelinks,326648
391,Q12720711,Aneta_Udriștioiu,54,10,4.0,31666,36,12,7,72,20130206182109,Aneta_Pîrvuț,label,Aneta_Pîrvuț,label,Aneta_Udriștioiu,sitelinks,Aneta_Udriștioiu,sitelinks,Aneta_Pîrvuț,label,1117817
392,Q383534,Silvia_Marcovici,54,29,8.0,4525,17,22,5,5,20060305202549,Silvia_Marcovici,label,Silvia_Marcovici,sitelinks,Silvia_Marcovici,sitelinks,Silvia_Marcovici,label,Silvia_Marcovici,sitelinks,68843
393,Q12731010,Ionela_Prodan,54,24,88.0,1896,13,16,0,4,20070315090459,Ionela_Prodan,label,Ionela_Prodan,label,Ionela_Prodan,label,Ionela_Prodan,label,Ionela_Prodan,label,183196
394,Q29647085,Andreea_Răsuceanu,54,5,5.0,16500,30,5,0,12,20170407191734,Andreea_Răsuceanu,label,Andreea_Răsuceanu,label,0,0,Andreea_Răsuceanu,label,0,0,1991820
395,Q3364107,Oana_Chirilă,54,13,5.0,12007,9,11,4,56,20110420193736,Oana_Chirilă,label,Oana_Chirilă,label,Oana_Țiplea,sitelinks,Oana_Chirilă,label,Oana_Chirilă,translation,858035
396,Q12744120,Éva_Kiss,54,25,184.0,7716,5,8,0,1,20061002133121,Éva_Kiss,label,Éva_Kiss,label,Éva_Kiss,label,Éva_Kiss,label,Éva_Kiss,label,114733
397,Q632935,Narcisa_Lecușanu,54,18,7.0,3628,5,16,6,38,20090604171349,Narcisa_Lecușanu,label,Narcisa_Lecușanu,label,Narcisa_Lecușanu,sitelinks,Narcisa_Lecușanu,sitelinks,Narcisa_Lecușanu,translation,465755
398,Q15922161,Ioana_Petrescu_(politiciană),54,15,18.0,4311,10,16,4,62,20140304074352,Ioana_Petrescu,label,Ioana_Petrescu,label,Ioana_Petrescu,sitelinks,Ioana_Petrescu,sitelinks,Ioana_Petrescu,sitelinks,1239866
399,Q211838,Ilinca_Tomoroveanu,54,22,143.0,9241,8,15,3,15,20080823145744,Ilinca_Tomoroveanu,label,Ilinca_Tomoroveanu,label,Ilinca_Tomoroveanu,label,Ilinca_Tomoroveanu,label,0,0,387447
400,Q28113797,Carmen_Daniela_Dan,53,14,43.0,5817,12,10,5,98,20161231211441,Carmen_Dan,label,Carmen_Dan,label,Carmen_Daniela_Dan,label,Carmen_Dan,sitelinks,Carmen_Dan,sitelinks,1972290
401,Q21095868,Sevil_Shhaideh,53,12,21.0,3420,17,18,20,9,20161221095530,Sevil_Shhaideh,label,Sevil_Shhaideh,label,Sevil_Shhaideh,sitelinks,Sevil_Shhaideh,sitelinks,Sevil_Shhaideh,sitelinks,1970641
402,Q12727499,Elena_Preda,53,14,4.0,3566,1,10,0,1,20070101120009,Elena_Preda,label,Elena_Preda,label,Elena_Preda,label,Elena_Preda,label,Elena_Preda,label,147146
403,Q12730763,Ioana_Ginghină,53,14,73.0,3395,7,8,1,8,20090525081051,Ioana_Ginghină,label,Ioana_Ginghină,label,Ioana_Ginghină,label,Ioana_Ginghină,sitelinks,Ioana_Ginghină,translation,462734
404,Q4685537,Adriana_Crăciun,53,13,4.0,23092,16,16,6,62,20090605214931,Adriana_Gabriela_Țăcălie,label,Adriana_Gabriela_Țăcălie,label,Adriana_Crăciun,sitelinks,Adriana_Crăciun,label,Adriana_Gabriela_Țăcălie,label,466092
405,Q12720640,Andreea_Bibiri,53,18,19.0,18053,19,12,2,10,20101210154827,Andreea_Bibiri,label,Andreea_Bibiri,label,Andreea_Bibiri,sitelinks,Andreea_Bibiri,label,Andreea_Bibiri,sitelinks,815969
406,Q265858,Monica_Roșu,53,29,34.0,3805,4,16,16,8,20040823071056,Monica_Roșu,label,Monica_Roșu,sitelinks,Monica_Roșu,sitelinks,Monica_Roșu,sitelinks,Monica_Roșu,sitelinks,10792
407,Q263582,Vika_Jigulina,53,28,28.0,14352,36,27,19,1,20101109135449,Vika_Jigulina,translation,Vika_Jigulina,sitelinks,Vika_Jigulina,sitelinks,Vika_Jigulina,sitelinks,Vika_Jigulina,sitelinks,805804
408,Q12723700,Catrinel_Dumitrescu,53,21,256.0,2578,3,17,0,22,20070718005844,Catrinel_Dumitrescu,label,Catrinel_Dumitrescu,label,Catrinel_Dumitrescu,label,Catrinel_Dumitrescu,label,Catrinel_Dumitrescu,label,224956
409,Q433309,Sanda_Toma_(canotaj),53,25,6.0,1570,13,21,12,2,20060620182420,Sanda_Toma,label,Sanda_Toma,label,Sanda_Toma_(rower),sitelinks,Sanda_Toma_(aviron),sitelinks,Sanda_Toma_(canottiera),sitelinks,93623
410,Q7936843,Vitalia_Pavlicenco,53,15,6.0,10437,14,10,1,6,20070408142313,Vitalia_Pavlicenco,label,Vitalia_Pavlicenco,label,Vitalia_Pavlicenco,sitelinks,Vitalia_Pavlicenco,label,Vitalia_Pavlicenco,translation,190831
411,Q5219201,Daniela_Todor,53,12,1.0,21035,18,16,5,51,20111114202852,Daniela_Todor,label,Daniela_Todor,label,Daniela_Todor,sitelinks,Daniela_Todor,label,Daniela_Băbeanu,translation,917484
412,Q12734896,Maria_Dragomiroiu,52,23,134.0,2965,10,11,0,4,20060813184655,Maria_Dragomiroiu,label,Maria_Dragomiroiu,label,Maria_Dragomiroiu,label,Maria_Dragomiroiu,label,Maria_Dragomiroiu,label,104692
413,Q458107,Ramona_Farcău,52,17,5.0,12048,11,18,10,56,20081229184738,Ramona_Farcău,label,Ramona_Farcău,label,Ramona_Farcău,sitelinks,Ramona_Farcău,sitelinks,Ramona_Farcăo,translation,422458
414,Q12725961,Cristina_Deleanu,52,17,79.0,8754,15,11,0,18,20070607145439,Cristina_Deleanu,label,Cristina_Deleanu,label,Cristina_Deleanu,label,Cristina_Deleanu,label,Cristina_Deleanu,label,213223
415,Q12740846,Silvia_Popovici,52,19,163.0,6853,10,21,1,25,20080317214346,Silvia_Popovici,translation,Silvia_Popovici,label,Silvia_Popovici,label,Silvia_Popovici,label,Silvia_Popovici,label,331462
416,Q6761010,Maria_Antonescu,52,18,48.0,9811,12,20,4,6,20110816170909,Maria_Antonescu,label,Maria_Antonescu,label,Maria_Antonescu,sitelinks,Maria_Antonescu,label,Maria_Antonescu,translation,890857
417,Q12730288,Ileana_Constantinescu,52,19,26.0,3749,13,15,0,9,20080205154422,Ileana_Constantinescu,label,Ileana_Constantinescu,label,Ileana_Constantinescu,label,Ileana_Constantinescu,label,Ileana_Constantinescu,label,313974
418,Q12720710,Aneta_Stan,52,16,22.0,3158,7,7,0,2,20070523141153,Aneta_Stan,label,Aneta_Stan,label,Aneta_Stan,label,Aneta_Stan,label,Aneta_Stan,label,207891
419,Q12727551,Elvira_Godeanu,52,25,59.0,3661,13,16,2,13,20070902084152,Elvira_Godeanu,label,Elvira_Godeanu,label,Elvira_Godeanu,sitelinks,Elvira_Godeanu,label,Elvira_Godeanu,translation,236893
420,Q12270184,Mariana_Drăgescu,52,15,11.0,19682,22,18,6,5,20130430204617,Mariana_Drăgescu,label,Mariana_Drăgescu,label,Mariana_Drăgescu,sitelinks,Mariana_Drăgescu,sitelinks,Mariana_Drăgescu,label,1138035
421,Q239696,Alexandra_Cadanțu,51,22,13.0,4734,11,27,17,11,20110903135905,Alexandra_Cadanţu,sitelinks,Alexandra_Cadanțu,sitelinks,Alexandra_Cadanțu,sitelinks,Alexandra_Cadanțu,sitelinks,Alexandra_Cadanțu,sitelinks,895400
422,Q12721259,Aurelia_Fătu-Răduțu,51,21,6.0,5172,3,12,0,2,20080104160814,Aurelia_Fătu-Răduțu,label,Aurelia_Fătu-Răduțu,label,Aurelia_Fătu-Răduțu,label,Aurelia_Fătu-Răduțu,label,Aurelia_Fătu-Răduțu,label,298852
423,Q12728387,Florica_Ungur,51,18,20.0,8661,10,10,0,4,20070523141327,Florica_Ungur,label,Florica_Ungur,label,Florica_Ungur,label,Florica_Ungur,label,Florica_Ungur,label,207906
424,Q17523911,Kadriye_Nurmambet,51,7,3.0,7638,10,13,13,2,20141112064738,Kadriye_Nurmambet,label,Kadriye_Nurmambet,label,Kadriye_Nurmambet,sitelinks,Kadriye_Nurmambet,label,Kadriye_Nurmambet,translation,1350602
425,Q5126061,Clara_Vădineanu,51,14,4.0,17221,24,13,3,65,20090605221326,Clara_Vădineanu,label,Clara_Vădineanu,label,Clara_Vădineanu,sitelinks,Clara_Vădineanu,label,Clara_Vădineanu,label,466110
426,Q6763329,Elena_Maria_Catargiu,51,23,42.0,11024,13,17,6,4,20060914161100,Marija_Obrenović,label,Marija_Obrenović,label,Marija_Obrenović,sitelinks,Elena_Maria_Catargiu-Obrenović,sitelinks,Marija_Obrenović,sitelinks,110575
427,Q3364113,Roxana_Gatzel,51,15,5.0,31076,21,14,5,43,20090604165438,Roxana_Han,label,Roxana_Han,label,Roxana_Gatzel,sitelinks,Roxana_Han,label,Roxana_Ci_sono,translation,465744
428,Q12725686,Corina_Dănilă,51,21,162.0,7253,9,10,1,5,20060829172821,Corina_Dănilă,label,Corina_Dănilă,label,Corina_Dănilă,label,Corina_Dănilă,label,Corina_Dănilă,label,107509
429,Q3291253,Mariana_Vartic,51,11,1.0,7475,4,14,1,3,20090707144559,Mariana_Vartic,label,Mariana_Vartic,label,Mariana_Vartic,label,Mariana_Vartic,sitelinks,Mariana_Vartic,translation,477640
430,Q6845013,Mihaela_Ani-Senocico,50,12,2.0,37351,44,16,8,41,20110116161000,Mihaela_Ani-Senocico,label,Mihaela_Ani-Senocico,label,Mihaela_Ani_Senocico,sitelinks,Mihaela_Ani_Senocico,sitelinks,0,0,828108
431,Q242871,Anișoara_Cușmir-Stanciu,50,30,16.0,1573,9,22,20,3,20070630162920,Anișoara_Cușmir-Stanciu,sitelinks,Anișoara_Cușmir-Stanciu,sitelinks,Anișoara_Cușmir-Stanciu,sitelinks,Anișoara_Cușmir-Stanciu,sitelinks,Anișoara_Cușmir-Stanciu,sitelinks,220965
432,Q12732281,Lina_Ciobanu,50,18,10.0,6028,6,10,2,4,20070714172354,Lina_Ciobanu,label,Lina_Ciobanu,label,Lina_Ciobanu,label,Lina_Ciobanu,label,Lina_Ciobanu,label,224283
433,Q6968023,Natalia_Gherman,50,12,18.0,10534,20,22,16,124,20111122133820,Natalia_Gherman,translation,Natalia_Gherman,sitelinks,Natalia_Gherman,sitelinks,Natalia_Gherman,sitelinks,Natalia_Gherman,sitelinks,921045
434,Q886476,Maria_Olaru,50,25,37.0,7041,16,19,12,10,20061004135354,Maria_Olaru,label,Maria_Olaru,sitelinks,Maria_Olaru,sitelinks,Maria_Olaru,sitelinks,Maria_Olaru,sitelinks,115274
435,Q291106,Éva_Heyman,50,9,20.0,21531,43,28,10,5,20160806211315,Eva_Heyman,label,Eva_Heyman,sitelinks,Eva_Heyman,sitelinks,Éva_Heyman,sitelinks,Eva_Heyman,translation,1947631
436,Q646535,Crina_Pintea,50,15,19.0,11086,13,16,9,84,20121208174002,Crina_Pintea,label,Crina_Pintea,label,Crina_Pintea,sitelinks,Crina_Pintea,sitelinks,0,0,1067146
437,Q15229730,Gabriela_Perianu,50,12,5.0,11821,12,15,8,76,20110428060602,Gabriela_Perianu,label,Gabriela_Perianu,label,Gabriela_Perianu,sitelinks,Gabriela_Perianu,label,Gabriela_Perianu,translation,859684
438,Q2904815,Veronica_Porumbacu,50,16,17.0,4259,12,20,3,6,20080103134553,Veronica_Porumbacu,label,Veronica_Porumbacu,label,Veronica_Porumbacu,sitelinks,Veronica_Porumbacu,label,Veronica_Porumbacu,translation,298479
439,Q12744351,Ștefana_Velisar_Teodoreanu,50,16,13.0,12875,12,19,9,4,20060716151340,Ștefana_Velisar_Teodoreanu,label,Ștefana_Velisar_Teodoreanu,label,Ștefana_Velisar_Teodoreanu,sitelinks,Ștefana_Velisar_Teodoreanu,sitelinks,Ștefana_Velisar_Teodoreanu,label,98393
440,Q3180697,"Maria,_Principesă_de_Hohenzollern",50,21,152.0,2667,6,24,9,8,20061025134340,Princesa_Maria_de_Romania,label,María_de_Rumanía_(1870-1874),sitelinks,Princess_Maria_of_Romania_(1870–1874),sitelinks,Marie_de_Roumanie_(1870-1874),sitelinks,Maria_di_Romania_(1870-1874),sitelinks,120211
441,Q23831207,Roxana_Ionescu,50,7,42.0,3173,5,5,0,45,20150615215338,Roxana_Ionescu,translation,Roxana_Ionescu,translation,0,0,Roxana_Ionescu,translation,Roxana_Ionescu,translation,1631331
442,Q450431,Maria_Petre,50,21,1.0,4394,7,15,5,6,20070101122103,Maria_Petre,label,Maria_Petre,label,Maria_Petre,sitelinks,Maria_Petre,sitelinks,Maria_Petre,translation,147361
443,Q12728339,Floarea_Calotă,50,19,48.0,12156,12,8,0,8,20070103174734,Floarea_Lupu_Calotă,label,Floarea_Lupu_Calotă,label,Floarea_Calotă,label,Floarea_Calotă,label,Floarea_Lupu_Calotă,label,149017
444,Q3721381,Elena_Bacaloglu,50,4,6.0,9250,31,28,5,1,20180323194828,Elena_Bacaloglu,label,Elena_Bacaloglu,label,Elena_Bacaloglu,sitelinks,Elena_Bacaloglu,label,Elena_Bacaloglu,sitelinks,2296530
445,Q12741430,Stela_Enache,50,27,105.0,5532,4,31,1,8,20061001184712,Stela_Enache,label,Stela_Enache,label,Stela_Enache,label,Stela_Enache,label,Stela_Enache,label,114281
446,Q16593479,Aurora_Liiceanu,50,15,119.0,7070,21,14,0,4,20070902075018,Aurora_Liiceanu,label,Aurora_Liiceanu,label,Aurora_Liiceanu,label,Aurora_Liiceanu,label,Aurora_Liiceanu,label,236873
447,Q16593620,Cristina_Radu,49,13,3.0,15702,14,10,0,1,20090503204710,Cristina_Radu,label,Cristina_Radu,label,Cristina_Radu,label,Cristina_Radu,label,Cristina_Radu,label,457270
448,Q12734503,Lucia_Wald,49,22,2.0,3335,19,22,2,8,20070604073246,Lucia_Wald,label,Lucia_Wald,label,Lucia_Wald,label,Lucia_Wald,label,Lucia_Wald,translation,212272
449,Q20430777,Andreea_D,49,13,13.0,2065,12,8,1,1,20150608124319,0,0,Andreea_D,label,Andreea_D,label,0,0,0,0,1628966
450,Q3478080,Selena_Vasilache,49,12,14.0,2126,7,9,1,1,20071107113135,Selena_Vasilache,label,Selena_Vasilache,label,Selena_Vasilache,label,Selena_Vasilache,sitelinks,Selena_Vasilache,translation,276566
451,Q47031471,Teodora_Sava,49,8,3.0,22986,32,11,2,1,20171220141452,Teodora_Sava,label,Teodora_Sava,label,Teodora_Sava,sitelinks,Teodora_Sava,label,Teodora_Sava,translation,2160296
452,Q28112576,Sorina_Pintea,49,15,74.0,2810,10,10,2,7,20161231212647,Sorina_Pintea,label,Sorina_Pintea,label,Sorina_Pintea,label,Sorina_Pintea,sitelinks,Sorina_Pintea,label,1972310
453,Q235370,Geta_Burlacu,49,25,11.0,9116,24,26,18,16,20080603165727,Geta_Burlacu,translation,Geta_Burlacu,sitelinks,Geta_Burlacu,sitelinks,Geta_Burlacu,sitelinks,Geta_Burlacu,sitelinks,361636
454,Q12720709,Aneta_Spornic,49,14,6.0,3636,10,10,0,1,20080123231851,Aneta_Spornic,label,Aneta_Spornic,label,Aneta_Spornic,label,Aneta_Spornic,label,Aneta_Spornic,label,309188
455,Q12724137,Ciupi_Rădulescu,49,12,5.0,5851,5,11,0,2,20100429103253,Ciupi_Rădulescu,label,Ciupi_Rădulescu,label,Ciupi_Rădulescu,label,Ciupi_Rădulescu,label,Ciupi_Rădulescu,label,661311
456,Q660373,Ana_Maria_Sandu,49,19,5.0,2768,6,8,1,29,20060508134316,Ana_Maria_Sandu,label,Ana_Maria_Sandu,label,Ana_Maria_Sandu,label,Ana_Maria_Sandu,label,0,0,84884
457,Q16593214,Constanța_Buzea,48,20,26.0,3898,15,17,0,11,20091116201158,Constanța_Buzea,label,Constanța_Buzea,label,Constanța_Buzea,label,Constanța_Buzea,label,0,0,569964
458,Q12734802,Manuela_Hărăbor,48,20,59.0,3368,7,9,2,20,20080302214036,Manuela_Hărăbor,label,Manuela_Hărăbor,label,Manuela_Hărăbor,sitelinks,Manuela_Hărăbor,label,Manuela_Hărăbor,translation,324612
459,Q287410,Nicoleta_Matei_(Nico),48,23,68.0,7388,16,20,18,13,20070601215937,Nicoleta_Matei,label,Nico_(cantante_rumana),sitelinks,Nico_(Romanian_singer),sitelinks,Nico_(chanteuse_roumaine),sitelinks,Nicoleta_Matei,sitelinks,210835
460,Q5359107,Elena_Postică,48,20,0.0,5144,12,16,1,95,20060218213818,Elena_Postică,label,Elena_Postică,label,Elena_Postică,sitelinks,Elena_Postică,label,Elena_Postică,label,62365
461,Q7702336,Tereza_Ludmila_Pîslaru,48,14,1.0,5538,3,14,3,56,20090605211802,Tereza_Ludmila_Pîslaru,label,Tereza_Pîslaru,label,Tereza_Pîslaru,sitelinks,Tereza_Pîslaru,label,0,0,466073
462,Q26002,Laura_Badea,48,18,20.0,15844,12,20,14,9,20070702095516,Laura_Badea,label,Laura_Badea-Cârlescu,sitelinks,Laura_Badea-Cârlescu,sitelinks,Laura_Badea,sitelinks,Laura_Badea-Cârlescu,sitelinks,221322
463,Q6043035,Aristizza_Romanescu,48,21,26.0,4461,6,14,7,27,20070409181344,Aristizza_Romanescu,sitelinks,Aristizza_Romanescu,label,Aristizza_Romanescu,sitelinks,Aristizza_Romanescu,label,Aristizza_Romanescu,sitelinks,191202
464,Q12740394,Sandra_N.,48,18,28.0,5541,6,8,1,3,20120529194554,Sandra_N.,label,Sandra_N.,label,Sandra_N.,label,Sandra_N.,label,Sandra_N.,label,982368
465,Q536127,Violeta_Andrei,47,21,133.0,1950,15,32,7,44,20080302210755,Violeta_Andrei,label,Violeta_Andrei,label,Violeta_Andrei,sitelinks,Violeta_Andrei,label,Violeta_Andrei,translation,324601
466,Q3429038,Valentina_Ardean-Elisei,47,10,12.0,39287,38,20,9,101,20081229182441,Valentina_Neli_Ardean_Elisei,label,Valentina_Ardean-Elisei,label,Valentina_Ardean-Elisei,sitelinks,Valentina_Neli_Ardean_Elisei,sitelinks,0,0,422451
467,Q2501899,Viorica_Cortez,47,23,13.0,2453,20,30,5,5,20070917083654,Viorica_Cortez,label,Viorica_Cortez,label,Viorica_Cortez,sitelinks,Viorica_Cortez,sitelinks,Viorica_Cortez,label,247629
468,Q12734875,Margareta_Clipa,47,12,70.0,7038,4,8,1,5,20070523141456,0,0,Margareta_Clipa,label,Margareta_Clipa,label,0,0,Margareta_Clipa,label,207919
469,Q3108314,Ionela_Stanca,47,10,4.0,9212,6,17,6,57,20090608114453,Ionela_Stanca-Galca,label,Ionela_Stanca,label,Ionela_Stanca,sitelinks,Ionela_Stanca-Gâlcă,sitelinks,Ionela_Stanca,translation,466971
470,Q12730760,Ioana_Em._Petrescu,47,12,10.0,3970,9,18,0,8,20060416064723,Ioana_Em._Petrescu,label,Ioana_Em._Petrescu,label,Ioana_Em._Petrescu,label,Ioana_Em._Petrescu,label,0,0,81093
471,Q42907481,Ela_Crăciun,47,3,32.0,6003,22,6,0,0,20180628132840,Ela_Nadal,translation,Ela_Navidad,translation,0,0,Ela_Nadal,translation,Ela_Natale,translation,2328786
472,Q240330,Diana_Mocanu,47,29,59.0,1783,3,18,17,3,20050703181459,Diana_Mocanu,label,Diana_Mocanu,sitelinks,Diana_Mocanu,sitelinks,Diana_Mocanu,sitelinks,Diana_Mocanu,sitelinks,24137
473,Q18544439,Nicoleta_Nucă,47,21,59.0,6993,32,29,0,9,20110218025313,0,0,Nicoleta_Nucă,label,Nicoleta_Nucă,label,Nicoleta_Nucă,label,0,0,840086
474,Q7288400,Raluca_Haidu,47,3,1.0,4321,8,10,6,1,20180511124202,Raluca_Haidu,label,Raluca_Haidu,sitelinks,Raluca_Haidu,sitelinks,Raluca_Oana_Haidu,sitelinks,Raluca_Haidu,label,2319046
475,Q18539988,Smaranda_Enache,47,16,9.0,3667,17,14,0,5,20071229134522,0,0,Smaranda_Enache,label,Smaranda_Enache,label,0,0,Smaranda_Enache,label,297015
476,Q28055978,Irina_Rosetti,47,7,5.0,12624,15,7,0,2,20161021235731,Irina_Rosetti,label,Irina_Rosetti,label,Irina_Rosetti,label,Irina_Rosetti,label,0,0,1959934
477,Q4190097,Ada_Zevin,46,17,4.0,5526,3,18,5,2,20060117005044,Ada_Zevin,translation,Ada_Zevin,label,Ada_Zevin,sitelinks,Ada_Zevin,label,Ada_Zevin,translation,49342
478,Q761971,Anamaria_Tămârjan,46,20,8.0,5058,8,15,13,4,20080811164559,Anamaria_Tămârjan,label,Anamaria_Tămârjan,sitelinks,Anamaria_Tămârjan,sitelinks,Anamaria_Tămârjan,sitelinks,Anamaria_Tămârjan,sitelinks,384036
479,Q257381,Julia_Varady,46,24,11.0,4216,15,44,16,2,20080524105454,Júlia_Várady,sitelinks,Julia_Varady,sitelinks,Júlia_Várady,sitelinks,Julia_Varady,sitelinks,Julia_Varady,sitelinks,357735
480,Q12735367,Micaela_Eleutheriade,46,15,8.0,2599,16,24,0,172,20061007151601,Micaela_Eleutheriade,label,Micaela_Eleutheriade,label,Micaela_Eleutheriade,label,Micaela_Eleutheriade,label,Micaela_Eleutheriade,label,115941
481,Q12743037,Valeria_Guțu_Romalo,46,16,5.0,2355,8,9,0,4,20070511133923,Valeria_Guțu_Romalo,label,Valeria_Guțu_Romalo,label,Valeria_Guțu_Romalo,label,Valeria_Guțu_Romalo,label,Valeria_Guțu_Romalo,label,203905
482,Q4943463,Laura_Cosoi,46,19,135.0,3012,7,10,2,7,20110729031708,Laura_Cosoi,label,Laura_Cosoi,sitelinks,Laura_Cosoi,label,Laura_Cosoi,label,Laura_Ana_Cosoi,label,885786
483,Q4762502,Angela_Marinescu,46,24,7.0,4658,13,17,1,28,20040720013624,Angela_Marinescu,label,Angela_Marinescu,label,Angela_Marinescu,sitelinks,Angela_Marinescu,label,Angela_Marinescu,label,10451
484,Q16593303,Cezara_Dafinescu,46,12,116.0,9525,20,12,0,25,20070821040842,0,0,Cezara_Dafinescu,label,Cezara_Dafinescu,label,Cezara_Dafinescu,label,Cezara_Dafinescu,label,233428
485,Q63759317,Angelica_Stoican,46,5,76.0,6061,6,6,0,1,20190512113823,0,0,Angelica_Stoican,label,Angelica_Stoican,label,0,0,0,0,2402595
486,Q256722,Ionela_Târlea,46,26,10.0,3201,14,19,15,4,20070630170514,Ionela_Târlea,label,Ionela_Tirlea-Manolache,sitelinks,Ionela_Târlea,sitelinks,Ionela_Târlea,sitelinks,Ionela_Târlea,sitelinks,220980
487,Q12724254,Coca_Bloos,45,23,21.0,5026,15,17,1,47,20070907091046,Coca_Bloos,label,Coca_Bloos,label,Coca_Bloos,sitelinks,Coca_Bloos,label,Coca_Bloos,label,241078
488,Q7212498,Tia_Peltz,45,17,11.0,7128,10,17,1,4,20081103184015,Tia_Peltz,label,Tia_Peltz,label,Tia_Peltz,label,Tia_Peltz,label,Tia_Peltz,translation,408565
489,Q548339,Maria_Neumann,45,3,0.0,4786,8,13,3,1,20200302225654,0,0,Mária_Neumann,label,Mária_Neumann,label,0,0,0,0,2482868
490,Q260061,Éva_Tófalvi,45,28,2.0,13483,7,19,14,4,20081229155248,Éva_Tófalvi,label,Éva_Tófalvi,label,Éva_Tófalvi,sitelinks,Éva_Tófalvi,sitelinks,Éva_Tófalvi,sitelinks,422427
491,Q12744353,Ștefania_Stere,45,17,6.0,4392,6,7,0,2,20071226145955,Ștefania_Stere,label,Ștefania_Stere,label,Ștefania_Stere,label,Ștefania_Stere,label,Ștefania_Stere,label,296220
492,Q12720470,Alina_Nelega,45,19,7.0,8910,23,16,0,9,20061018111920,Alina_Nelega,label,Alina_Nelega,label,Alina_Nelega,label,Alina_Nelega,label,Alina_Nelega,label,118510
493,Q12727724,Hermiona_Asachi,45,5,8.0,4781,15,28,3,2,20180324111531,Ermiona_Asachi,label,Hermione_Asachi,sitelinks,Hermiona_Asachi,sitelinks,Ermiona_Quinet,label,Ermiona_Asachi,label,2296636
494,Q7553634,Sofia_Ionescu-Ogrezeanu,45,18,33.0,8920,13,12,4,3,20080510091951,Sofia_Ionescu,label,Sofia_Ionescu,label,Sofia_Ionescu,sitelinks,Sofia_Ionescu,label,Sofia_Ionescu,sitelinks,353306
495,Q1439325,Teodora_Ungureanu,45,20,62.0,6594,7,23,11,7,20060926162041,Teodora_Ungureanu,label,Teodora_Ungureanu,sitelinks,Teodora_Ungureanu,sitelinks,Teodora_Ungureanu,sitelinks,Teodora_Ungureanu,sitelinks,112959
496,Q12739668,Ruxandra_Sireteanu-Constantinescu,45,10,4.0,10931,13,10,0,5,20090701202717,Ruxandra_Sireteanu-Constantinescu,label,Ruxandra_Sireteanu-Constantinescu,label,Ruxandra_Sireteanu-Constantinescu,label,Ruxandra_Sireteanu-Constantinescu,label,Ruxandra_Sireteanu-Constantinescu,translation,476217
497,Q7606968,Stela_Popa,45,14,44.0,7392,20,10,3,2,20110714100051,Stela_Popa,translation,Stela_Popa,label,Stela_Popa,sitelinks,Stela_Popa,label,Stela_Popa,label,881701
498,Q274760,Ruxandra_Donose,45,20,8.0,2800,23,24,4,1,20070630203125,Ruxandra_Donose,label,Ruxandra_Donose,label,Ruxandra_Donose,sitelinks,Ruxandra_Donose,sitelinks,Ruxandra_Donose,translation,221038
499,Q265963,Gabriela_Drăgoi,45,18,4.0,1589,2,19,13,5,20080812203145,Gabriela_Drăgoi,label,Gabriela_Drăgoi,sitelinks,Gabriela_Drăgoi,sitelinks,Gabriela_Drăgoi,sitelinks,Gabriela_Drăgoi,sitelinks,384416
